feature	UniRef90_A0A174IWH6	UniRef90_A0A174IWH6|g__Prevotella.s__Prevotella_copri	UniRef90_A0T3C6	UniRef90_A0A174PA28	UniRef90_A0A174PA28|g__Prevotella.s__Prevotella_copri	UniRef90_A0A1A7TBY5	UniRef90_A0A192CAU6	UniRef90_A0A192CAU6|g__Escherichia.s__Escherichia_coli	UniRef90_A7LQG9	UniRef90_A7LQG9|g__Bacteroides.s__Bacteroides_ovatus	UniRef90_A0T3C6|g__Escherichia.s__Escherichia_coli	UniRef90_V8M0W9	UniRef90_V8M0W9|g__Streptococcus.s__Streptococcus_salivarius	UniRef90_A0T3C6|g__Klebsiella.s__Klebsiella_quasipneumoniae	UniRef90_D7K7P3	UniRef90_D7K7P3|g__Bacteroides.s__Bacteroides_ovatus	UniRef90_A0A1S8IMK6	UniRef90_A0A1A7TBY5|g__Escherichia.s__Escherichia_coli	UniRef90_A0A1A7TBY5|g__Enterococcus.s__Enterococcus_faecium	UniRef90_D1PAK7	UniRef90_D1PAK7|g__Prevotella.s__Prevotella_copri	UniRef90_A0A366U7P8	UniRef90_A0A366U7P8|g__Enterococcus.s__Enterococcus_gallinarum	UniRef90_T4C1L2	UniRef90_T4C1L2|g__Bacteroides.s__Bacteroides_fragilis	UniRef90_A0A174Y3E0	UniRef90_A0A174Y3E0|g__Prevotella.s__Prevotella_copri	UniRef90_A7LQH0	UniRef90_A7LQH0|g__Bacteroides.s__Bacteroides_ovatus	UniRef90_V5XUZ1	UniRef90_E1IVY0	UniRef90_E1IVY0|g__Escherichia.s__Escherichia_coli	UniRef90_A5ZYV3	UniRef90_A5ZYV3|g__Blautia.s__Blautia_obeum	UniRef90_V5XUZ1|g__Enterococcus.s__Enterococcus_faecium	UniRef90_A0A1V2STI7|g__Escherichia.s__Escherichia_coli	UniRef90_A0A1V2STI7	UniRef90_UPI0004A57A81	UniRef90_UPI0004A57A81|g__Enterococcus.s__Enterococcus_faecium	UniRef90_G2SRQ4	UniRef90_G2SRQ4|g__Lactobacillus.s__Lactobacillus_ruminis	UniRef90_Q1WUH8|g__Lactobacillus.s__Lactobacillus_ruminis	UniRef90_Q1WUH8	UniRef90_A0A1B2H845	UniRef90_Q9LBQ4|g__Enterococcus.s__Enterococcus_faecium	UniRef90_Q9LBQ4	UniRef90_F2NAL9|g__Collinsella.s__Collinsella_aerofaciens	UniRef90_F2NAL9	UniRef90_A0A0E9FRS3	UniRef90_A6XA87	UniRef90_A7AJP8	UniRef90_A7AJP8|g__Parabacteroides.s__Parabacteroides_merdae	UniRef90_A0A1S8IMK6|g__Escherichia.s__Escherichia_coli	UniRef90_A0A2W4HXJ9	UniRef90_A0A2W4HXJ9|g__Enterococcus.s__Enterococcus_faecium	UniRef90_A0A1S8IMK6|g__Enterococcus.s__Enterococcus_faecium	UniRef90_A0A1X4JA18	UniRef90_A0A1X4JA18|g__Enterococcus.s__Enterococcus_faecium	UniRef90_A0A1D7PS63	UniRef90_A0A1D7PS63|g__Escherichia.s__Escherichia_coli	UniRef90_Q9LBQ5	UniRef90_E7FSA1	UniRef90_E7FSA1|g__Lactobacillus.s__Lactobacillus_ruminis	UniRef90_A0A0E1X896|g__Blautia.s__Blautia_obeum	UniRef90_A0A0E9FRS3|g__Tyzzerella.s__Tyzzerella_nexilis	UniRef90_C0FSN2	UniRef90_C0FSN2|g__Roseburia.s__Roseburia_inulinivorans	UniRef90_A0A3E4MCK9	UniRef90_A0A3E4MCK9|g__Lactobacillus.s__Lactobacillus_ruminis	UniRef90_A0A0E1X896	UniRef90_UPI000763F496	UniRef90_UPI000763F496|g__Enterococcus.s__Enterococcus_faecium	UniRef90_A0A1A7TBG8	UniRef90_A7V4G2	UniRef90_A7V4G2|g__Bacteroides.s__Bacteroides_uniformis	UniRef90_A0A1S8JJQ1	UniRef90_A7LS50	UniRef90_A7LS50|g__Bacteroides.s__Bacteroides_ovatus	UniRef90_A0A0M2B020	UniRef90_A0A0M2B020|g__Enterococcus.s__Enterococcus_faecium	UniRef90_J6XYB2	UniRef90_J6XYB2|g__Enterococcus.s__Enterococcus_faecium	UniRef90_G2SNS8	UniRef90_G2SNS8|g__Lactobacillus.s__Lactobacillus_ruminis	UniRef90_S4EDF6	UniRef90_I0PYL5|g__Bacteroides.s__Bacteroides_ovatus	UniRef90_I0PYL5	UniRef90_A0A0H2VC20	UniRef90_A0A0H2VC20|g__Escherichia.s__Escherichia_coli	UniRef90_A6XA87|g__Bacteroides.s__Bacteroides_uniformis	UniRef90_J6QDP1	UniRef90_J6QDP1|g__Enterococcus.s__Enterococcus_faecium	UniRef90_A0A1A7TA94	UniRef90_R6Q8L0	UniRef90_D1PG33	UniRef90_D1PG33|g__Prevotella.s__Prevotella_copri	UniRef90_A0A174UKK8	UniRef90_A0A174UKK8|g__Prevotella.s__Prevotella_copri	UniRef90_A0A0T7A674	UniRef90_A0A0T7A674|g__Bacteroides.s__Bacteroides_uniformis	UniRef90_UPI000B358E33	UniRef90_UPI000B358E33|g__Enterococcus.s__Enterococcus_faecium	UniRef90_A0A2H4TTX9	UniRef90_A0A2H4TTX9|g__Escherichia.s__Escherichia_coli	UniRef90_A0A2R3NGS3	UniRef90_A0A1A7TBG8|g__Enterococcus.s__Enterococcus_faecium	UniRef90_A0A0J2B3T8	UniRef90_A0A395VRV3	UniRef90_J7SHX6	UniRef90_J7SHX6|g__Streptococcus.s__Streptococcus_salivarius	UniRef90_A0T3C6|g__Klebsiella.s__Klebsiella_pneumoniae	UniRef90_E1IJ03	UniRef90_E1IJ03|g__Escherichia.s__Escherichia_coli	UniRef90_P59628	UniRef90_R6Q8L0|g__Faecalibacterium.s__Faecalibacterium_prausnitzii	UniRef90_F7LS08	UniRef90_F7LS08|g__Bacteroides.s__Bacteroides_fragilis	UniRef90_UPI000C03D4E6	UniRef90_UPI000C03D4E6|g__Enterococcus.s__Enterococcus_faecium	UniRef90_A0A133MZE1	UniRef90_A0A174Y4P3	UniRef90_A0A174Y4P3|g__Prevotella.s__Prevotella_copri	UniRef90_A0A174Q4J4	UniRef90_A0A174Q4J4|g__Prevotella.s__Prevotella_copri	UniRef90_A0A133MZE1|g__Clostridioides.s__Clostridioides_difficile	UniRef90_A0A069RZ42	UniRef90_A0A069RZ42|g__Parabacteroides.s__Parabacteroides_distasonis	UniRef90_A0A174IYG9	UniRef90_A0A174IYG9|g__Prevotella.s__Prevotella_copri	UniRef90_U9YPG6	UniRef90_U9YPG6|g__Escherichia.s__Escherichia_coli	UniRef90_U2Z4S8	UniRef90_U2Z4S8|g__Streptococcus.s__Streptococcus_salivarius	UniRef90_A0A1B2H845|g__Escherichia.s__Escherichia_coli	UniRef90_F4NKV9	UniRef90_F4NKV9|g__Escherichia.s__Escherichia_coli	UniRef90_U9YLK3	UniRef90_U9YLK3|g__Escherichia.s__Escherichia_coli	UniRef90_A0A0E9FRS3|g__Dorea.s__Dorea_longicatena	UniRef90_J7TUV6	UniRef90_J7TUV6|g__Streptococcus.s__Streptococcus_salivarius	UniRef90_A0A2R3NGS3|g__Escherichia.s__Escherichia_coli	UniRef90_I3U631	UniRef90_A0A174XX49	UniRef90_A0A174XX49|g__Prevotella.s__Prevotella_copri	UniRef90_A0A174WHN0	UniRef90_A0A0E1LDK4	UniRef90_A0A0E1LDK4|g__Escherichia.s__Escherichia_coli	UniRef90_A7V7B8	UniRef90_A7V7B8|g__Bacteroides.s__Bacteroides_uniformis	UniRef90_A0A1B2H845|g__Klebsiella.s__Klebsiella_pneumoniae	UniRef90_A0A0E9ESU1	UniRef90_E7FTM0	UniRef90_E7FTM0|g__Lactobacillus.s__Lactobacillus_ruminis	UniRef90_A0A2H4TVT9	UniRef90_A0A2H4TVT9|g__Escherichia.s__Escherichia_coli	UniRef90_P59628|g__Clostridioides.s__Clostridioides_difficile	UniRef90_A0A0E9ESU1|g__Klebsiella.s__Klebsiella_pneumoniae	UniRef90_A0A174VAI6	UniRef90_A0A174VAI6|g__Prevotella.s__Prevotella_copri	UniRef90_D4RG23	UniRef90_D4RG23|g__Enterococcus.s__Enterococcus_faecium	UniRef90_A0A174LQ87	UniRef90_A0A174LQ87|g__Prevotella.s__Prevotella_copri	UniRef90_I3U631|g__Enterococcus.s__Enterococcus_faecium	UniRef90_A0A0I1DLX7	UniRef90_A0A0I1DLX7|g__Escherichia.s__Escherichia_coli	UniRef90_A0A1S8JJQ1|g__Enterococcus.s__Enterococcus_faecium	UniRef90_A0A286V1L3	UniRef90_V0SIR0	UniRef90_V0SIR0|g__Escherichia.s__Escherichia_coli	UniRef90_A0A174KXX9	UniRef90_A0A174KXX9|g__Collinsella.s__Collinsella_aerofaciens	UniRef90_I2WAU1	UniRef90_I2WAU1|g__Escherichia.s__Escherichia_coli	UniRef90_A7B6Q1	UniRef90_A7B6Q1|g__Blautia.s__Ruminococcus_gnavus	UniRef90_A0A1A7TA94|g__Enterococcus.s__Enterococcus_faecium	UniRef90_A0A174VLZ6	UniRef90_A0A174VLZ6|g__Prevotella.s__Prevotella_copri	UniRef90_A0A0M1X7H2	UniRef90_A0A0M1X7H2|g__Enterococcus.s__Enterococcus_faecium	UniRef90_A0A174HS30	UniRef90_A0A174HS30|g__Prevotella.s__Prevotella_copri	UniRef90_S4EDF6|g__Enterococcus.s__Enterococcus_faecium	UniRef90_C9BZL5	UniRef90_A0A174JTA1	UniRef90_A0A174JTA1|g__Prevotella.s__Prevotella_copri	UniRef90_W1ESP1	UniRef90_W1ESP1|g__Escherichia.s__Escherichia_coli	UniRef90_A0A174RM08	UniRef90_A0A174RM08|g__Prevotella.s__Prevotella_copri	UniRef90_UPI000CDE3CF2	UniRef90_UPI000CDE3CF2|g__Escherichia.s__Escherichia_coli	UniRef90_A0A174NRF1	UniRef90_A0A174NRF1|g__Prevotella.s__Prevotella_copri	UniRef90_S4DMT8	UniRef90_A0A286V1L3|g__Escherichia.s__Escherichia_coli	UniRef90_A0A174WHN0|g__Prevotella.s__Prevotella_copri	UniRef90_D1PCG7
SMA_1_S80	0.000236945	0.000236945	0.000455898	9.32281e-05	9.32281e-05	NA	0.000388516	0.000388516	2.4169e-05	2.4169e-05	0.000455072	NA	NA	NA	9.30478e-06	9.30478e-06	0.000465235	NA	NA	NA	NA	NA	NA	1.63045e-06	1.63045e-06	4.85828e-05	4.85828e-05	8.48588e-05	8.48588e-05	0.000175628	0.000176695	0.000176695	0.00170757	0.00170757	0.000160522	NA	NA	0.000347179	0.000347179	NA	NA	NA	NA	0.000174669	0.000139309	0.000278061	2.4169e-05	2.4169e-05	0.000286341	0.000122717	NA	NA	0.000229837	0.000176333	0.000176333	0.000235398	0.000211698	0.000211698	0.000185239	0.000185239	0.00016199	NA	NA	0.000430274	NA	0.00029383	0.00029383	NA	NA	0.00138183	0.000179946	0.000179946	NA	0.00037509	0.00037509	2.11479e-05	1.04692e-05	1.04692e-05	0.000126032	0.000126032	1.26174e-05	1.26174e-05	NA	NA	5.33146e-05	NA	1.56858e-07	4.8338e-05	4.8338e-05	2.55838e-05	0.000105739	0.000105739	NA	0.000190769	3.74763e-05	3.74763e-05	1.24467e-05	1.24467e-05	0.000148211	0.000148211	0.000132256	0.000132256	0.000138086	0.000138086	NA	NA	4.17969e-05	0.000187961	NA	NA	5.77933e-07	NA	NA	0.000118066	0.00014977	3.41523e-05	3.41523e-05	0.000119284	0.000119284	7.2507e-05	5.74205e-06	5.74205e-06	2.11479e-05	2.11479e-05	NA	2.91818e-05	2.91818e-05	0.000118407	0.000118407	0.00010137	0.00010137	NA	NA	8.51166e-05	6.98024e-05	6.98024e-05	NA	NA	0.000286341	NA	NA	NA	3.4297e-05	2.7385e-05	2.7385e-05	4.22958e-05	3.32324e-05	3.32324e-05	8.88829e-05	8.88829e-05	8.95526e-05	NA	NA	NA	7.55281e-05	7.55281e-05	NA	NA	2.01024e-05	2.01024e-05	0.000116313	0.000116313	6.04225e-06	6.04225e-06	3.4297e-05	8.81923e-05	8.81923e-05	2.11479e-05	NA	5.03879e-05	5.03879e-05	9.06338e-06	9.06338e-06	7.63969e-05	7.63969e-05	NA	NA	NA	9.06338e-06	9.06338e-06	4.06115e-05	4.06115e-05	7.55281e-06	7.55281e-06	5.33146e-05	6.5112e-05	1.51056e-05	1.51056e-05	NA	NA	6.36886e-06	6.36886e-06	1.09859e-07	1.09859e-07	1.32174e-05	1.32174e-05	6.94859e-05	NA	4.22958e-05	3.07689e-05
SMA_6_S85	0.00285981	0.00285981	NA	0.00282867	0.00282867	NA	5.90693e-05	5.90693e-05	2.81505e-05	2.81505e-05	NA	0.00252538	0.00252538	NA	4.22706e-05	4.22706e-05	NA	NA	NA	0.00044599	0.00044599	NA	NA	0.000576648	0.000576648	0.000367551	0.000367551	4.47963e-06	4.47963e-06	NA	1.71265e-05	1.71265e-05	0.00199936	0.00199936	NA	NA	NA	NA	NA	NA	NA	NA	NA	NA	NA	NA	0.000329498	0.000329498	0.00220311	7.17685e-05	0.000574185	0.000574185	NA	NA	NA	NA	3.15332e-06	3.15332e-06	3.06725e-05	3.06725e-05	NA	NA	NA	0.00160905	NA	0.00318332	0.00318332	NA	NA	0.00160905	NA	NA	NA	0.000284844	0.000284844	2.09301e-05	3.60863e-06	3.60863e-06	6.97669e-06	6.97669e-06	NA	NA	NA	NA	2.09301e-05	1.74417e-06	2.87731e-06	3.48835e-06	3.48835e-06	1.3249e-05	NA	NA	NA	0.000791523	0.000630448	0.000630448	0.000349636	0.000349636	0.000914999	0.000914999	NA	NA	5.23252e-05	5.23252e-05	NA	NA	1.39534e-05	8.24323e-06	0.000323236	0.000323236	NA	NA	NA	NA	0.000746175	4.00828e-05	4.00828e-05	NA	NA	3.48835e-06	0.000176224	0.000176224	NA	NA	NA	0.000164882	0.000164882	0.000222888	0.000222888	3.48835e-06	3.48835e-06	0.000163748	0.000161754	NA	9.30226e-06	9.30226e-06	6.97669e-06	6.97669e-06	0.00220311	0.000552808	0.000552808	NA	4.06974e-06	0.000141795	0.000141795	0.000132364	1.0465e-05	1.0465e-05	0.000803697	0.000803697	NA	NA	NA	NA	2.09301e-05	2.09301e-05	NA	NA	7.30876e-05	7.30876e-05	1.74417e-05	1.74417e-05	2.82645e-05	2.82645e-05	4.06974e-06	NA	NA	2.09301e-05	NA	1.0465e-05	1.0465e-05	3.48835e-06	3.48835e-06	NA	NA	NA	NA	NA	0.000146511	0.000146511	NA	NA	0.000126031	0.000126031	2.09301e-05	NA	8.73379e-05	8.73379e-05	NA	NA	0.000194655	0.000194655	NA	NA	0.000145616	0.000145616	3.48835e-06	NA	0.000132364	9.35394e-05
pfpos_8_S109	0.0121507	0.0121507	NA	0.00931191	0.00931191	NA	NA	NA	NA	NA	NA	0.000187552	0.000187552	NA	NA	NA	NA	NA	NA	0.000767303	0.000767303	NA	NA	7.76994e-05	7.76994e-05	0.00193964	0.00193964	NA	NA	NA	NA	NA	0.00186513	0.00186513	NA	NA	NA	NA	NA	2.7758e-06	2.7758e-06	2.7758e-06	2.7758e-06	NA	NA	NA	7.29928e-05	7.29928e-05	0.000650512	3.59665e-05	NA	NA	NA	NA	NA	NA	NA	NA	NA	NA	NA	8.32741e-06	8.32741e-06	0.00112069	NA	0.000806387	0.000806387	1.11032e-06	1.11032e-06	0.00112069	NA	NA	NA	NA	NA	NA	NA	NA	NA	NA	NA	NA	5.55161e-06	5.55161e-06	NA	NA	2.05686e-07	NA	NA	NA	NA	NA	NA	0.000600312	6.1231e-05	6.1231e-05	0.000100994	0.000100994	NA	NA	NA	NA	NA	NA	NA	NA	NA	5.43427e-07	6.41113e-05	6.41113e-05	NA	NA	NA	NA	0.00052097	2.83231e-05	2.83231e-05	NA	NA	NA	6.43573e-05	6.43573e-05	0.000323539	0.000323539	NA	NA	NA	0.000848727	0.000848727	NA	NA	5.93746e-05	5.93746e-05	NA	NA	NA	NA	NA	0.000650512	0.000406253	0.000406253	NA	NA	5.41066e-05	5.41066e-05	0.000701508	NA	NA	NA	NA	NA	NA	NA	NA	NA	NA	NA	NA	0.000337337	0.000337337	NA	NA	6.9597e-05	6.9597e-05	NA	NA	NA	NA	NA	NA	NA	2.7758e-05	2.7758e-05	NA	NA	NA	NA	NA	8.32741e-05	8.32741e-05	NA	NA	3.03869e-05	3.03869e-05	NA	NA	0.000604042	0.000604042	NA	NA	0.000837105	0.000837105	NA	NA	3.31613e-05	3.31613e-05	NA	NA	0.000179698	3.54691e-05
RDS_8_S100	0.00389583	0.00389583	2.40679e-05	0.00244355	0.00244355	NA	4.21448e-05	4.21448e-05	4.52377e-05	4.52377e-05	2.40679e-05	NA	NA	NA	6.64953e-05	6.64953e-05	NA	NA	NA	1.23348e-05	1.23348e-05	NA	NA	NA	NA	0.000688111	0.000688111	8.17073e-05	8.17073e-05	NA	2.47798e-05	2.47798e-05	0.000198145	0.000198145	NA	2.50707e-07	2.50707e-07	NA	NA	0.00456465	0.00456465	0.00448172	0.00448172	2.00566e-06	NA	NA	0.000805797	0.000805797	2.50707e-06	4.30329e-05	NA	NA	NA	NA	NA	NA	NA	NA	1.47991e-05	1.47991e-05	NA	0.00337014	0.00337014	0.00228059	2.50707e-06	2.73023e-06	2.73023e-06	0.00332724	0.00332724	0.00228059	NA	NA	NA	0.000557764	0.000557764	NA	1.76614e-05	1.76614e-05	NA	NA	NA	NA	0.00296013	0.00296013	NA	9.52211e-06	1.2583e-05	1.2034e-05	1.2034e-05	1.22874e-05	NA	NA	NA	0.000124214	NA	NA	5.40921e-05	5.40921e-05	0.00128028	0.00128028	NA	NA	2.40679e-05	2.40679e-05	NA	NA	1.32374e-05	NA	NA	NA	NA	NA	NA	NA	4.44892e-05	0.000499489	0.000499489	NA	NA	NA	0.00058319	0.00058319	0.000327686	0.000327686	NA	8.31875e-06	8.31875e-06	0.00043357	0.00043357	9.02547e-06	9.02547e-06	NA	NA	2.00566e-06	1.50424e-05	1.50424e-05	1.50424e-05	1.50424e-05	NA	NA	NA	NA	NA	0.000639792	0.000639792	0.000214376	3.00849e-06	3.00849e-06	0.00105273	0.00105273	NA	NA	0.00216638	0.00216638	NA	NA	NA	NA	0.000138301	0.000138301	NA	NA	NA	NA	NA	2.52774e-06	2.52774e-06	NA	NA	2.40679e-06	2.40679e-06	0.000355127	0.000355127	NA	NA	NA	NA	NA	0.000256271	0.000256271	NA	NA	NA	NA	NA	NA	0.000335007	0.000335007	1.58342e-07	1.58342e-07	0.000371142	0.000371142	NA	NA	0.000566881	0.000566881	NA	NA	0.000214376	0.000200183
SMA_2_S81	0.00216474	0.00216474	0.000141731	0.00120673	0.00120673	NA	0.00146548	0.00146548	0.000169768	0.000169768	6.92578e-05	5.11583e-05	5.11583e-05	5.69618e-05	0.000117309	0.000117309	NA	NA	NA	NA	NA	0.000876072	0.000876072	NA	NA	0.00033082	0.00033082	1.97849e-05	1.97849e-05	1.20883e-05	0.000501577	0.000501577	0.000320613	0.000320613	1.89816e-06	1.65699e-06	2.80408e-06	NA	NA	NA	NA	NA	NA	4.53776e-05	NA	NA	5.74048e-05	5.74048e-05	0.00314282	4.2899e-05	NA	NA	NA	NA	NA	NA	NA	NA	0.000690197	0.000690197	NA	NA	NA	0.000668826	0.00314282	NA	NA	NA	NA	0.000668826	NA	NA	NA	NA	NA	NA	7.54499e-05	7.54499e-05	2.0279e-05	2.0279e-05	NA	NA	NA	NA	3.31178e-05	4.64518e-05	5.10516e-05	0.000105128	0.000105128	NA	4.8403e-05	4.8403e-05	NA	0.00154013	0.000234455	0.000234455	0.000309479	0.000309479	NA	NA	NA	NA	0.0002553	0.0002553	4.98548e-07	NA	0.000168284	NA	0.000121939	0.000121939	1.55116e-05	9.88826e-06	9.88826e-06	0.000143719	0.00151196	1.42661e-05	1.42661e-05	NA	NA	1.56491e-05	0.000219013	0.000219013	0.000354242	0.000354242	1.56491e-05	NA	NA	0.000191518	0.000191518	0.000366206	0.000366206	0.000116522	0.000116522	2.27525e-05	0.000294003	0.000294003	0.000314195	0.000314195	NA	0.000218373	0.000218373	4.98548e-07	8.49175e-06	0.000234324	0.000234324	0.000291932	0.000249442	0.000249442	NA	NA	2.23569e-05	9.33126e-07	NA	NA	0.000312836	0.000312836	3.26932e-05	7.28587e-07	0.000110844	0.000110844	NA	NA	NA	NA	8.49175e-06	1.88026e-05	1.88026e-05	NA	NA	0.000230036	0.000230036	NA	NA	0.000300638	0.000300638	0.000981799	0.000981799	NA	0.000269919	0.000269919	NA	NA	0.000177168	0.000177168	7.64258e-06	NA	0.000231606	0.000231606	1.51379e-06	1.51379e-06	0.000264964	0.000264964	3.7061e-07	3.7061e-07	0.000154619	0.000154619	8.05018e-06	NA	0.000291932	0.000181351
SMA_10_S89	NA	NA	0.00735205	NA	NA	4.68233e-07	0.00442872	0.00442872	0.000839237	0.000839237	0.00357667	NA	NA	0.00377077	0.0008798	0.0008798	1.59294e-07	4.68233e-07	NA	NA	NA	0.000801023	0.000801023	2.63651e-06	NA	NA	NA	4.47648e-05	4.47648e-05	NA	0.00297763	0.00297763	NA	NA	NA	NA	NA	NA	NA	NA	NA	NA	NA	0.00292244	4.54041e-07	4.54041e-07	NA	NA	NA	0.00144631	NA	NA	6.14381e-08	NA	NA	9.78562e-08	0.000196859	0.000196859	0.00185175	0.00185175	3.04177e-07	NA	NA	NA	NA	NA	NA	NA	NA	NA	2.26366e-07	2.26366e-07	1.80843e-07	0.000260872	0.000260872	0.000208348	0.000428016	0.000428016	0.000202996	0.000202996	3.85603e-07	3.85603e-07	NA	NA	0.000179212	0.000369624	0.000369624	0.000662454	0.000662454	0.000236312	0.000102505	0.000102505	1.1134e-07	4.645e-05	NA	NA	NA	NA	6.04485e-05	6.04485e-05	1.73459e-07	1.73459e-07	0.00139818	0.00139818	1.72384e-06	1.80843e-07	0.00150387	2.82276e-06	NA	NA	4.60439e-06	1.55039e-06	1.55039e-06	0.000141438	4.645e-05	NA	NA	2.54526e-07	2.54526e-07	0.000154218	NA	NA	NA	NA	0.000154218	0.000983953	0.000983953	NA	NA	0.00110402	0.00110402	5.29161e-07	NA	0.00146166	0.00120344	0.00120344	0.00143015	0.00143015	NA	NA	NA	1.72384e-06	8.40572e-05	NA	NA	NA	0.00120942	0.00120942	5.20814e-05	5.20814e-05	0.00146078	NA	NA	NA	0.00102274	0.00102274	0.000141438	NA	NA	NA	0.000101169	0.000101169	NA	NA	8.40572e-05	0.00141299	0.00141299	0.000107178	2.97966e-08	0.000972603	0.000972603	NA	NA	0.0010995	0.0010995	9.57364e-05	9.57364e-05	9.2173e-08	NA	NA	NA	NA	NA	NA	9.29909e-05	2.86531e-07	NA	NA	NA	NA	NA	NA	NA	NA	NA	NA	5.28712e-05	2.97966e-08	NA	NA
SMA_9_S88	0.000227028	0.000227028	0.000375877	2.56747e-05	2.56747e-05	NA	0.00305249	0.00305249	6.84288e-05	6.84288e-05	0.00037544	7.03278e-05	7.03278e-05	NA	0.000191068	0.000191068	1.26294e-06	NA	NA	NA	NA	0.00042166	0.00042166	NA	NA	2.00525e-06	2.00525e-06	2.53988e-05	2.53988e-05	2.53181e-05	0.00174147	0.00174147	0.000444916	0.000444916	2.10984e-06	NA	NA	9.48904e-07	9.48904e-07	NA	NA	NA	NA	0.000146885	8.63987e-07	8.63987e-07	0.000231616	0.000231616	9.66947e-05	0.000209025	NA	NA	6.56974e-07	3.73023e-07	3.73023e-07	6.05968e-07	3.01405e-07	3.01405e-07	0.00143579	0.00143579	4.10164e-07	NA	NA	0.000398956	9.28572e-05	NA	NA	NA	NA	0.000398956	3.4549e-07	3.4549e-07	NA	0.00057753	0.00057753	NA	8.05765e-05	8.05765e-05	7.03279e-07	7.03279e-07	NA	NA	NA	NA	NA	6.84947e-05	7.87769e-05	0.000313634	0.000313634	3.78875e-05	NA	NA	NA	0.000274665	2.91012e-06	2.91012e-06	NA	NA	NA	NA	2.6682e-07	2.6682e-07	0.00118365	0.00118365	4.06541e-06	NA	0.00124044	4.92581e-07	0.000180103	0.000180103	3.95595e-07	0.000578592	0.000578592	8.58185e-05	0.000255676	0.000250028	0.000250028	9.37706e-08	9.37706e-08	NA	NA	NA	NA	NA	NA	0.000467064	0.000467064	2.0439e-06	2.0439e-06	0.00132238	0.00132238	0.000148369	0.000105133	6.89434e-05	0.000995072	0.000995072	0.000707795	0.000707795	3.83747e-06	0.000203091	0.000203091	4.06541e-06	NA	NA	NA	NA	0.000924084	0.000924084	NA	NA	7.79413e-05	3.28197e-07	NA	NA	0.00103394	0.00103394	NA	3.28197e-07	1.02465e-06	1.02465e-06	8.43935e-06	8.43935e-06	NA	NA	NA	7.45551e-05	7.45551e-05	NA	NA	0.000967696	0.000967696	NA	NA	0.000914883	0.000914883	4.85276e-06	4.85276e-06	NA	NA	NA	NA	NA	NA	NA	NA	3.47458e-07	NA	NA	3.27438e-07	3.27438e-07	NA	NA	1.04548e-05	1.04548e-05	NA	NA	NA	NA	NA	NA
SMA_7_S86	0.0087039	0.0087039	5.8853e-05	0.00518366	0.00518366	1.28469e-05	0.000589808	0.000589808	NA	NA	2.81254e-05	0.00251403	0.00251403	2.7946e-05	NA	NA	1.25729e-07	8.51055e-06	4.33632e-06	NA	NA	0.00380595	0.00380595	NA	NA	0.00139588	0.00139588	NA	NA	5.56332e-06	0.00024105	0.00024105	NA	NA	5.56332e-06	NA	NA	NA	NA	4.17954e-05	4.17954e-05	5.00698e-05	8.10924e-05	1.79387e-05	1.82488e-06	5.41589e-06	4.1864e-05	4.1864e-05	4.13632e-05	2.19772e-05	NA	NA	6.25092e-08	NA	NA	6.32195e-08	0.000834429	0.000834429	0.000232339	0.000232339	NA	3.05982e-05	3.05982e-05	NA	NA	NA	NA	3.27235e-05	3.27235e-05	0.000830559	NA	NA	3.13641e-06	NA	NA	5.56332e-06	NA	NA	0.000941718	0.000941718	NA	NA	5.56332e-06	5.56332e-06	0.000900669	NA	NA	1.99661e-05	1.99661e-05	NA	0.000436774	0.000436774	2.66185e-06	0.000649703	0.000653916	0.000653916	0.00103889	0.00103889	NA	NA	NA	NA	0.000142896	0.000142896	2.8391e-07	2.58932e-06	0.000177841	NA	0.00116766	0.00116766	2.78166e-06	0.00011754	0.00011754	0.000856515	0.000550283	NA	NA	NA	NA	0.00047744	0.000666071	0.000666071	0.000911602	0.000911602	NA	4.09202e-05	4.09202e-05	0.000774211	0.000774211	0.000134375	0.000134375	0.000994906	0.000994235	8.74855e-06	0.00010593	0.00010593	9.04039e-05	9.04039e-05	4.13632e-05	0.00102265	0.00102265	2.8391e-07	0.000518189	0.000634836	0.000634836	0.00066291	0.00014077	0.00014077	NA	NA	9.1902e-06	NA	NA	NA	0.000126751	0.000126751	NA	NA	0.00038593	0.00038593	0.000638912	0.000638912	4.79063e-05	4.79063e-05	0.000518189	1.69783e-05	1.69783e-05	5.56332e-06	2.06298e-06	0.00014898	0.00014898	5.84148e-05	5.84148e-05	7.78864e-05	7.78864e-05	NA	NA	1.69963e-06	0.000588749	0.000588749	1.11266e-06	1.11266e-06	0.00104073	0.00104073	0.000900669	NA	0.00077018	0.00077018	NA	NA	0.000769163	0.000769163	2.02369e-07	2.02369e-07	0.000630665	0.000630665	0.000780609	1.95996e-06	0.00066291	0.000493297
RDS_2_S94	0.002776	0.002776	0.000155826	0.00109585	0.00109585	NA	0.000513985	0.000513985	NA	NA	5.50663e-05	0.00170046	0.00170046	6.67825e-05	NA	NA	NA	NA	NA	0.000595853	0.000595853	NA	NA	NA	NA	0.000293517	0.000293517	NA	NA	NA	0.000236676	0.000236676	0.000557071	0.000557071	NA	5.42547e-06	1.07805e-05	NA	NA	NA	NA	NA	NA	4.21035e-05	NA	NA	0.000359562	0.000359562	0.000307372	0.000298266	0.00126037	0.00126037	NA	NA	NA	NA	NA	NA	0.000270909	0.000270909	NA	NA	NA	0.000761031	0.000286175	0.000418153	0.000418153	NA	NA	0.000761031	NA	NA	NA	0.000949063	0.000949063	NA	NA	NA	NA	NA	NA	NA	NA	NA	NA	NA	3.88348e-07	4.21784e-05	4.21784e-05	0.000117311	NA	NA	NA	0.000264795	0.000324061	0.000324061	0.000622156	0.000622156	0.000717996	0.000717996	NA	NA	0.000151139	0.000151139	NA	NA	0.000146453	NA	0.000205453	0.000205453	3.3977e-05	0.000108961	0.000108961	NA	0.000215344	0.00136811	0.00136811	NA	NA	NA	0.000314323	0.000314323	9.08509e-05	9.08509e-05	NA	0.000151745	0.000151745	0.000264204	0.000264204	0.000137385	0.000137385	0.000126343	0.000126343	1.75512e-05	0.000111813	0.000111813	0.000105781	0.000105781	2.11966e-05	0.000289485	0.000289485	NA	NA	0.000258577	0.000258577	0.000302301	0.000109096	0.000109096	0.000564612	0.000564612	2.45523e-05	2.10989e-06	NA	NA	0.000165259	0.000165259	NA	1.85199e-06	6.56597e-05	6.56597e-05	NA	NA	0.000273984	0.000273984	NA	2.72521e-05	2.72521e-05	NA	NA	0.000107697	0.000107697	4.56933e-05	4.56933e-05	0.000102296	0.000102296	NA	NA	NA	0.00020562	0.00020562	NA	NA	4.10849e-05	4.10849e-05	NA	NA	0.000277821	0.000277821	2.19854e-06	2.19854e-06	0.000225881	0.000225881	2.08001e-06	2.08001e-06	0.000280102	0.000280102	NA	NA	0.000267022	0.000231212
RDS_1_S93	0.00520741	0.00520741	1.84463e-07	0.00599706	0.00599706	0.00146783	0.00199128	0.00199128	NA	NA	1.84463e-07	8.99822e-05	8.99822e-05	NA	NA	NA	0.00220722	0.000480884	0.000494595	2.67318e-05	2.67318e-05	NA	NA	0.000492717	0.000390113	0.000494554	0.000494554	NA	NA	0.0012413	0.00248168	0.00248168	NA	NA	0.00100033	2.71771e-05	2.71771e-05	0.00165711	0.00165711	NA	NA	NA	NA	NA	0.00103139	0.00103139	NA	NA	NA	0.000199073	NA	NA	0.00110141	3.58125e-06	3.58125e-06	0.0011058	0.000783231	0.000783231	0.00110763	0.00110763	0.00125154	NA	NA	NA	NA	NA	NA	NA	NA	NA	0.0005085	0.0005085	0.000331823	NA	NA	0.000970794	NA	NA	0.000732446	0.000732446	0.00104382	0.00104382	NA	NA	0.000695571	NA	6.4388e-08	0.00196019	0.00196019	NA	0.00077064	0.00077064	0.000296184	6.90387e-05	0.00076344	0.00076344	0.000534135	0.000534135	NA	NA	0.00050163	0.00050163	0.000874766	0.000874766	0.00210902	0.000268419	0.000978553	1.62195e-05	0.000656804	0.000656804	NA	5.85594e-07	5.85594e-07	0.000539899	6.90387e-05	0.000142844	0.000142844	9.1647e-05	9.1647e-05	0.000689695	0.000855787	0.000855787	1.97794e-05	1.97794e-05	0.000689695	0.000235841	0.000235841	0.000263701	0.000263701	0.000897366	0.000897366	0.000645514	0.000644961	NA	0.000791594	0.000791594	6.82513e-06	6.82513e-06	NA	0.000539069	0.000539069	0.00156622	NA	0.000792517	0.000792517	0.000561081	0.00078995	0.00078995	NA	NA	NA	7.18495e-06	NA	NA	0.000693515	0.000693515	0.000538193	NA	0.000182183	0.000182183	0.000501447	0.000501447	0.000735629	0.000735629	NA	NA	NA	0.000509485	0.00021457	0.000707667	0.000707667	NA	NA	0.000587104	0.000587104	0.000117903	0.000117903	0.000115349	0.000494623	0.000494623	0.00067771	0.00067771	1.13752e-06	1.13752e-06	0.00037698	0.00071616	0.000588353	0.000588353	9.3308e-06	9.3308e-06	0.000284091	0.000284091	NA	NA	0.000612409	0.000612409	0.000464765	0.000103772	0.000561081	NA
CM_6_S76	0.00744531	0.00744531	4.69294e-05	0.00235393	0.00235393	NA	0.00125907	0.00125907	0.000177336	0.000177336	4.69294e-05	0.000336862	0.000336862	NA	8.97981e-05	8.97981e-05	NA	NA	NA	0.000615267	0.000615267	NA	NA	NA	NA	0.000961324	0.000961324	2.18655e-05	2.18655e-05	1.70652e-05	0.00126347	0.00126347	0.00035569	0.00035569	1.70652e-05	6.87097e-06	6.87097e-06	NA	NA	8.53262e-06	8.53262e-06	1.27989e-05	1.27989e-05	8.10598e-06	NA	NA	7.82156e-05	7.82156e-05	4.98227e-05	8.14205e-05	NA	NA	NA	NA	NA	NA	NA	NA	0.000531734	0.000531734	NA	NA	NA	0.000579531	NA	NA	NA	7.24232e-06	7.24232e-06	0.000579531	NA	NA	NA	NA	NA	NA	5.86146e-05	5.86146e-05	NA	NA	NA	NA	2.13315e-05	2.13315e-05	NA	NA	1.60993e-07	0.000145054	0.000145054	NA	1.70652e-05	1.70652e-05	NA	0.00173016	0.000175772	0.000175772	5.11957e-05	5.11957e-05	NA	NA	NA	NA	0.000370464	0.000370464	0.00014977	NA	0.000226273	0.000193787	4.67847e-05	4.67847e-05	NA	0.000237031	0.000237031	2.13315e-05	0.00132576	6.69795e-05	6.69795e-05	NA	NA	8.53262e-06	0.000114806	0.000114806	0.00049371	0.00049371	NA	9.80513e-05	9.80513e-05	0.000542994	0.000542994	0.000355181	0.000355181	4.77546e-05	4.77546e-05	8.10598e-06	0.000302074	0.000302074	0.000353142	0.000353142	4.98227e-05	0.000341252	0.000341252	0.00014977	1.13768e-05	0.000111293	0.000111293	0.000464037	0.00028698	0.00028698	NA	NA	NA	7.16858e-06	8.53262e-06	8.53262e-06	0.000277677	0.000277677	NA	NA	0.000377263	0.000377263	NA	NA	5.66809e-05	5.66809e-05	1.13768e-05	7.1876e-06	7.1876e-06	NA	NA	0.000424736	0.000424736	NA	NA	0.000273525	0.000273525	NA	NA	NA	0.000123723	0.000123723	NA	NA	2.04783e-05	2.04783e-05	NA	NA	0.00027978	0.00027978	1.2573e-05	1.2573e-05	0.00073276	0.00073276	1.24716e-06	1.24716e-06	5.88008e-05	5.88008e-05	4.26631e-06	NA	0.000464037	0.000116138
pfpos_10_S111	0.00799426	0.00799426	NA	0.00374534	0.00374534	NA	2.44697e-05	2.44697e-05	NA	NA	NA	0.000155485	0.000155485	NA	NA	NA	NA	NA	NA	0.00117739	0.00117739	NA	NA	NA	NA	0.000594256	0.000594256	NA	NA	NA	1.40913e-05	1.40913e-05	0.000999695	0.000999695	NA	NA	NA	NA	NA	NA	NA	5.91046e-06	5.91046e-06	NA	NA	NA	0.000194202	0.000194202	0.00043621	NA	NA	NA	NA	NA	NA	NA	NA	NA	3.66169e-06	3.66169e-06	NA	5.91046e-06	5.91046e-06	0.000790615	NA	0.000802879	0.000802879	NA	NA	0.000790615	NA	NA	NA	NA	NA	NA	NA	NA	3.15225e-06	3.15225e-06	NA	NA	NA	NA	NA	NA	NA	NA	NA	NA	NA	NA	NA	0.000634365	1.97015e-06	1.97015e-06	NA	NA	NA	NA	NA	NA	2.95523e-06	2.95523e-06	NA	NA	1.47762e-05	NA	4.27444e-05	4.27444e-05	NA	NA	NA	1.18209e-05	0.000613678	NA	NA	NA	NA	NA	3.38285e-05	3.38285e-05	0.000367006	0.000367006	NA	NA	NA	0.000787612	0.000787612	NA	NA	7.23671e-05	7.23671e-05	NA	NA	NA	2.95523e-06	2.95523e-06	0.00043621	0.000265164	0.000265164	NA	NA	1.36363e-05	1.36363e-05	0.000693829	9.20833e-06	9.20833e-06	NA	NA	NA	NA	NA	NA	8.86569e-06	8.86569e-06	NA	NA	0.000368597	0.000368597	5.91046e-06	5.91046e-06	0.000256595	0.000256595	NA	NA	NA	NA	NA	NA	NA	4.13732e-05	4.13732e-05	2.95523e-06	2.95523e-06	NA	NA	NA	5.91046e-06	5.91046e-06	NA	NA	NA	NA	NA	NA	0.000261285	0.000261285	NA	NA	0.000525808	0.000525808	NA	NA	2.12777e-05	2.12777e-05	NA	NA	0.000242021	8.86569e-06
RDS_3_S95	0.00266752	0.00266752	NA	0.000303805	0.000303805	5.61473e-07	0.000477403	0.000477403	0.000149197	0.000149197	NA	0.00545367	0.00545367	NA	0.00033001	0.00033001	NA	5.61473e-07	NA	8.76779e-05	8.76779e-05	NA	NA	1.58064e-05	1.1353e-05	0.00069433	0.00069433	5.81361e-05	5.81361e-05	NA	0.000265425	0.000265425	0.00026017	0.00026017	NA	2.7777e-05	5.36412e-05	NA	NA	NA	NA	NA	NA	2.45801e-06	NA	NA	0.00117068	0.00117068	1.12295e-06	6.20169e-05	0.000841551	0.000841551	NA	NA	NA	NA	NA	NA	0.000240218	0.000240218	NA	NA	NA	0.000910434	NA	4.30463e-06	4.30463e-06	NA	NA	0.000910434	NA	NA	NA	0.00124475	0.00124475	NA	7.85369e-05	7.85369e-05	NA	NA	NA	NA	NA	NA	NA	1.12295e-05	1.2881e-05	8.90871e-05	8.90871e-05	8.17076e-06	NA	NA	NA	0.000238829	NA	NA	1.61086e-05	1.61086e-05	0.000791014	0.000791014	NA	NA	0.000144913	0.000144913	6.83241e-05	NA	0.000145513	0.000476632	0.000760358	0.000760358	NA	4.49179e-06	4.49179e-06	2.24589e-06	0.000130577	0.000182109	0.000182109	NA	NA	NA	0.000284012	0.000284012	NA	NA	NA	5.48901e-05	5.48901e-05	0.000133168	0.000133168	0.000192063	0.000192063	0.000391555	0.000390009	1.06056e-06	0.000143837	0.000143837	0.000126779	0.000126779	1.12295e-06	0.000698545	0.000698545	6.83241e-05	NA	0.000231623	0.000231623	0.000120572	0.00015427	0.00015427	0.000831588	0.000831588	1.39744e-06	1.91613e-05	NA	NA	0.000179077	0.000179077	NA	1.80424e-05	0.000184876	0.000184876	NA	NA	0.000228907	0.000228907	NA	1.06157e-06	1.06157e-06	NA	4.15906e-08	0.000113892	0.000113892	NA	NA	0.000126519	0.000126519	NA	NA	NA	0.000111505	0.000111505	NA	NA	7.61651e-06	7.61651e-06	NA	NA	8.01269e-05	8.01269e-05	3.81489e-05	3.81489e-05	0.000105578	0.000105578	NA	NA	0.000203454	0.000203454	NA	4.15906e-08	0.000120572	3.33216e-05
pfpos_6_S107	0.0052678	0.0052678	NA	0.000672728	0.000672728	NA	NA	NA	NA	NA	NA	NA	NA	NA	NA	NA	NA	NA	NA	0.00183004	0.00183004	NA	NA	NA	NA	0.00195561	0.00195561	NA	NA	NA	NA	NA	0.00307962	0.00307962	NA	NA	NA	NA	NA	NA	NA	NA	NA	NA	NA	NA	0.000241171	0.000241171	0.000101846	7.46437e-06	NA	NA	NA	NA	NA	NA	NA	NA	NA	NA	NA	NA	NA	0.00132269	NA	0.000419408	0.000419408	NA	NA	0.00132269	NA	NA	NA	NA	NA	NA	NA	NA	NA	NA	NA	NA	NA	NA	NA	NA	NA	NA	NA	NA	NA	NA	NA	0.00043963	NA	NA	4.84923e-05	4.84923e-05	NA	NA	NA	NA	NA	NA	NA	NA	NA	NA	NA	NA	NA	NA	NA	NA	0.000238831	NA	NA	NA	NA	NA	0.000182477	0.000182477	0.00015019	0.00015019	NA	0.000141987	0.000141987	0.000376794	0.000376794	NA	NA	NA	NA	NA	NA	NA	NA	NA	0.000101846	NA	NA	NA	NA	0.000221784	0.000221784	0.000453213	NA	NA	NA	NA	NA	NA	NA	NA	NA	NA	NA	NA	0.000574563	0.000574563	NA	NA	0.000185212	0.000185212	NA	NA	NA	NA	NA	NA	NA	NA	NA	NA	NA	NA	NA	NA	0.000137501	0.000137501	NA	NA	8.88494e-06	8.88494e-06	NA	NA	0.000239325	0.000239325	NA	NA	0.000307075	0.000307075	NA	NA	0.000154514	0.000154514	NA	NA	0.000324127	0.000380778
RDS_5_S97	NA	NA	0.000105883	NA	NA	0.000269226	0.00214348	0.00214348	NA	NA	0.000105883	NA	NA	NA	NA	NA	0.000927924	0.000141203	0.000128023	NA	NA	NA	NA	NA	NA	NA	NA	NA	NA	0.00148895	0.00230896	0.00230896	NA	NA	0.00148895	4.74194e-07	4.74194e-07	0.000602283	0.000602283	NA	NA	NA	NA	3.75105e-05	0.00111791	0.00111791	NA	NA	NA	0.000167776	NA	NA	0.000465224	0.000634674	0.000634674	0.0004627	0.000917553	0.000917553	0.00111632	0.00111632	1.22567e-05	NA	NA	NA	NA	NA	NA	NA	NA	NA	1.2938e-05	1.2938e-05	6.93483e-05	NA	NA	0.000660959	NA	NA	0.000996023	0.000996023	NA	NA	NA	NA	0.00100167	NA	NA	0.00138939	0.00138939	NA	0.000793701	0.000793701	5.27623e-05	NA	NA	NA	NA	NA	NA	NA	1.00441e-05	1.00441e-05	0.000772688	0.000772688	0.00167014	5.55576e-05	0.000907314	NA	NA	NA	NA	2.18644e-06	2.18644e-06	0.000826723	NA	NA	NA	0.000413796	0.000413796	0.00047058	NA	NA	NA	NA	NA	NA	NA	NA	NA	0.000778647	0.000778647	2.01123e-06	NA	3.75105e-05	0.0007515	0.0007515	0.000367224	0.000367224	NA	NA	NA	0.00167014	0.000334483	NA	NA	NA	0.000707643	0.000707643	NA	NA	NA	1.07805e-05	NA	NA	0.000749151	0.000749151	NA	NA	NA	NA	0.00061949	0.00061949	NA	NA	0.000334483	1.90769e-05	1.90769e-05	0.000660959	3.71863e-05	0.000434321	0.000434321	NA	NA	0.000605555	0.000605555	NA	NA	3.89985e-05	NA	NA	0.000469169	0.000469169	NA	NA	0.00100167	4.87893e-06	NA	NA	1.53779e-06	1.53779e-06	NA	NA	NA	NA	NA	NA	0.000531252	3.50322e-05	NA	NA
CM_9_S79	0.000166659	0.000166659	0.0145768	5.19674e-05	5.19674e-05	0.00339559	0.00559593	0.00559593	NA	NA	0.00594343	NA	NA	0.00610047	5.28579e-06	5.28579e-06	0.000954866	0.00168873	0.00170686	5.21412e-06	5.21412e-06	NA	NA	0.000132388	0.000132388	3.70616e-05	3.70616e-05	1.47104e-07	1.47104e-07	NA	0.00347599	0.00347599	1.84129e-05	1.84129e-05	NA	0.00478187	0.00478187	0.00070945	0.00070945	1.04282e-05	1.04282e-05	1.8905e-05	1.8905e-05	0.0033429	0.00215237	0.00215237	1.73804e-06	1.73804e-06	1.73804e-06	2.83741e-06	NA	NA	0.000478956	NA	NA	0.000475911	0.000132928	0.000132928	0.00215706	0.00215706	0.00100498	1.79597e-05	1.79597e-05	0.000144443	NA	1.5932e-06	1.5932e-06	1.9514e-05	1.9514e-05	0.000144443	0.00116083	0.00116083	0.00083406	8.69019e-06	8.69019e-06	NA	1.18742e-06	1.18742e-06	0.000222522	0.000222522	NA	NA	1.39043e-05	1.39043e-05	0.000159154	NA	NA	0.000765348	0.000765348	5.44692e-07	0.000110068	0.000110068	0.000688874	5.21412e-06	2.04083e-05	2.04083e-05	3.17954e-05	3.17954e-05	3.56877e-05	3.56877e-05	0.000816591	0.000816591	0.00176339	0.00176339	NA	0.000672672	0.00135179	3.26686e-05	NA	NA	0.00253291	0.00227911	0.00227911	8.91311e-05	5.21412e-06	6.95215e-07	6.95215e-07	0.00109742	0.00109742	8.29463e-05	5.98658e-06	5.98658e-06	7.019e-06	7.019e-06	NA	2.27635e-05	2.27635e-05	7.45465e-06	7.45465e-06	0.00124893	0.00124893	9.99927e-05	NA	0.0016545	0.00144353	0.00144353	0.00164731	0.00164731	1.73804e-06	NA	NA	NA	0.000110032	1.73804e-05	1.73804e-05	2.08565e-05	0.00124398	0.00124398	1.84759e-05	1.84759e-05	0.0016884	0.00215674	8.69019e-06	8.69019e-06	0.00134536	0.00134536	NA	0.00213705	1.27377e-05	1.27377e-05	0.000116144	0.000116144	1.39043e-05	1.39043e-05	0.000110032	0.00155496	0.00155496	NA	0.000540774	0.00138494	0.00138494	NA	NA	0.00134324	0.00134324	NA	NA	0.000498994	1.39995e-05	1.39995e-05	NA	NA	5.90933e-06	5.90933e-06	0.000159154	0.000412322	1.04282e-05	1.04282e-05	0.00196447	0.00196447	1.21663e-05	1.21663e-05	0.00197353	0.00197353	1.08338e-05	1.08338e-05	0.000151119	0.000513624	2.08565e-05	1.30353e-05
pfpos_7_S108	0.00830971	0.00830971	NA	0.00565962	0.00565962	NA	6.6629e-05	6.6629e-05	NA	NA	NA	0.000176014	0.000176014	NA	NA	NA	NA	NA	NA	0.00354378	0.00354378	NA	NA	NA	NA	0.00195356	0.00195356	2.31487e-05	2.31487e-05	NA	0.00010539	0.00010539	0.00211084	0.00211084	NA	NA	NA	NA	NA	NA	NA	NA	NA	NA	NA	NA	8.56094e-05	8.56094e-05	0.000220914	0.000157514	0.00131666	0.00131666	NA	NA	NA	NA	NA	NA	4.81465e-05	4.81465e-05	NA	NA	NA	0.00107841	NA	0.000250967	0.000250967	NA	NA	0.00107841	NA	NA	NA	3.92452e-05	3.92452e-05	NA	5.46934e-06	5.46934e-06	NA	NA	NA	NA	NA	NA	NA	3.39848e-06	3.39848e-06	NA	NA	3.07154e-05	NA	NA	NA	0.000618514	0.00075913	0.00075913	0.00123155	0.00123155	0.00201432	0.00201432	NA	NA	3.39848e-05	3.39848e-05	2.26566e-07	NA	6.79697e-05	1.66717e-05	2.89375e-05	2.89375e-05	NA	3.30333e-05	3.30333e-05	NA	0.000611556	NA	NA	NA	NA	NA	0.000813238	0.000813238	0.00143668	0.00143668	NA	0.000303569	0.000303569	0.000843574	0.000843574	5.43757e-05	5.43757e-05	3.41716e-05	3.39927e-05	NA	4.07818e-05	4.07818e-05	4.14291e-05	4.14291e-05	0.000220914	0.000190751	0.000190751	2.26566e-07	NA	0.000835466	0.000835466	0.000950499	1.72117e-05	1.72117e-05	0.00146622	0.00146622	NA	NA	NA	NA	3.39848e-06	3.39848e-06	NA	NA	0.000687673	0.000687673	NA	NA	0.000765698	0.000765698	NA	NA	NA	NA	NA	3.12043e-05	3.12043e-05	NA	NA	3.73833e-05	3.73833e-05	NA	NA	NA	0.00110368	0.00110368	NA	NA	0.000108103	0.000108103	NA	NA	0.000707872	0.000707872	NA	NA	0.000374468	0.000374468	NA	NA	0.000759009	0.000759009	NA	NA	0.000861041	0.000692716
pfpos_3_S104	0.0172591	0.0172591	6.52506e-06	0.00252068	0.00252068	NA	7.59724e-05	7.59724e-05	NA	NA	6.52506e-06	0.00183167	0.00183167	NA	NA	NA	NA	NA	NA	0.00215725	0.00215725	0.000163608	0.000163608	NA	NA	0.00454416	0.00454416	NA	NA	NA	2.77195e-05	2.77195e-05	0.00158921	0.00158921	NA	NA	NA	NA	NA	7.50382e-05	7.50382e-05	7.83008e-05	7.83008e-05	NA	2.41669e-07	2.41669e-07	0.0001175	0.0001175	3.6808e-06	NA	NA	NA	NA	NA	NA	NA	NA	NA	3.99488e-05	3.99488e-05	NA	7.81195e-05	7.81195e-05	0.00110852	NA	3.91504e-06	3.91504e-06	0.000123444	0.000123444	0.00110852	NA	NA	NA	NA	NA	NA	NA	NA	NA	NA	NA	NA	7.53582e-05	7.53582e-05	NA	NA	NA	1.95752e-05	1.95752e-05	NA	NA	NA	NA	0.000726593	3.17553e-05	3.17553e-05	0.000133854	0.000133854	NA	NA	NA	NA	1.30501e-05	1.30501e-05	1.91132e-06	NA	6.52506e-06	NA	0.000388805	0.000388805	NA	6.52506e-06	6.52506e-06	6.52506e-06	0.000698318	NA	NA	NA	NA	NA	0.000609376	0.000609376	0.000157048	0.000157048	NA	NA	NA	0.00152945	0.00152945	6.52506e-06	6.52506e-06	0.000227559	0.000227559	NA	9.78759e-06	9.78759e-06	NA	NA	3.6808e-06	0.000427729	0.000427729	1.91132e-06	NA	0.000683715	0.000683715	0.00112139	1.30501e-05	1.30501e-05	NA	NA	NA	NA	NA	NA	3.26253e-06	3.26253e-06	NA	NA	0.00145995	0.00145995	NA	NA	0.000680415	0.000680415	NA	3.10717e-07	3.10717e-07	NA	NA	1.63127e-06	1.63127e-06	NA	NA	1.32509e-05	1.32509e-05	NA	NA	NA	0.000273178	0.000273178	NA	NA	2.17502e-06	2.17502e-06	NA	NA	0.000646279	0.000646279	1.76353e-07	1.76353e-07	0.000918557	0.000918557	NA	NA	0.000373432	0.000373432	NA	NA	0.00103509	0.000325601
RDS_6_S98	0.00466353	0.00466353	1.2069e-06	0.00136047	0.00136047	0.0101545	0.000298407	0.000298407	2.72047e-05	2.72047e-05	1.2069e-06	0.000330986	0.000330986	NA	2.90806e-05	2.90806e-05	0.00219421	0.00510898	0.00504547	0.000351176	0.000351176	NA	NA	1.87694e-06	1.87694e-06	0.000501395	0.000501395	2.32875e-05	2.32875e-05	0.00335423	0.000398334	0.000398334	0.000122794	0.000122794	0.00265385	NA	NA	0.00157939	0.00157939	NA	NA	NA	NA	NA	0.00210251	0.00210251	3.18693e-05	3.18693e-05	1.38566e-05	0.000100471	0.00128362	0.00128362	0.00109024	1.90278e-05	1.90278e-05	0.00110397	0.00139199	0.00139199	0.000171518	0.000171518	0.00152603	NA	NA	0.000802718	NA	NA	NA	NA	NA	0.000802718	0.00121281	0.00121281	0.00222622	0.000752469	0.000752469	0.00209195	8.36478e-06	8.36478e-06	0.00174012	0.00174012	0.00160831	0.00160831	NA	NA	0.00179195	5.43106e-06	7.45259e-06	0.000229915	0.000229915	1.5058e-05	0.0016499	0.0016499	0.00203093	4.6164e-05	0.00033805	0.00033805	0.000510131	0.000510131	0.000544328	0.000544328	0.00132047	0.00132047	8.71187e-05	8.71187e-05	NA	0.00179582	5.99634e-05	0.000159337	0.00135346	0.00135346	NA	NA	NA	0.00154531	4.0733e-05	0.000175975	0.000175975	0.000345086	0.000345086	0.00148193	0.000424066	0.000424066	0.000321887	0.000321887	0.00148193	0.000573206	0.000573206	0.000250412	0.000250412	0.000125836	0.000125836	0.00136327	0.00136259	NA	0.000143199	0.000143199	0.000182998	0.000182998	1.38566e-05	0.001094	0.001094	NA	3.0219e-05	0.000288124	0.000288124	0.000264884	9.06247e-05	9.06247e-05	0.000409224	0.000409224	NA	3.01726e-07	NA	NA	0.000108615	0.000108615	0.00154531	NA	0.000223059	0.000223059	0.00123033	0.00123033	9.06165e-05	9.06165e-05	3.0219e-05	2.04986e-06	2.04986e-06	0.00101129	0.00151575	0.000132027	0.000132027	2.71553e-06	2.71553e-06	9.36858e-05	9.36858e-05	NA	NA	0.00145719	0.000491016	0.000491016	0.00138184	0.00138184	0.000216946	0.000216946	0.00090537	0.00151194	0.000201624	0.000201624	1.42923e-07	1.42923e-07	0.000113317	0.000113317	1.00575e-07	1.00575e-07	0.000327998	0.000327998	0.000956173	0.00143844	0.000264884	0.000345628
RDS_4_S96	NA	NA	0.000283023	NA	NA	NA	0.00251443	0.00251443	0.000315469	0.000315469	8.37243e-05	0.00025843	0.00025843	9.50225e-05	0.000392214	0.000392214	NA	NA	NA	NA	NA	NA	NA	0.00109187	0.000744532	NA	NA	3.30205e-05	3.30205e-05	NA	0.00120841	0.00120841	0.000727279	0.000727279	NA	NA	NA	NA	NA	NA	NA	NA	NA	0.000121173	NA	NA	4.24117e-05	6.73379e-05	3.72033e-07	0.00013423	NA	NA	NA	NA	NA	NA	NA	NA	0.0012294	0.0012294	NA	NA	NA	0.000390664	3.72033e-07	3.40144e-06	3.40144e-06	NA	NA	0.000390664	NA	NA	NA	0.000806172	0.000806172	NA	0.000116446	0.000116446	NA	NA	NA	NA	NA	NA	NA	3.4599e-05	4.43153e-05	0.000225601	0.000225601	1.74939e-05	NA	NA	NA	0.00060386	NA	NA	NA	NA	1.26491e-05	1.26491e-05	NA	NA	0.000789282	0.000789282	NA	NA	0.000753132	5.82356e-05	4.3549e-05	4.3549e-05	3.11155e-07	0.000123502	0.000123502	NA	0.000572485	0.000567231	0.000567231	NA	NA	NA	NA	NA	NA	NA	NA	0.000731138	0.000731138	NA	NA	0.000656132	0.000656132	5.48952e-05	5.48952e-05	3.8328e-05	0.000704509	0.000704509	0.000651023	0.000651023	NA	0.000142839	0.000142839	NA	NA	NA	NA	NA	0.000619654	0.000619654	1.22771e-05	1.22771e-05	4.32146e-05	1.78819e-05	NA	NA	0.000717795	0.000717795	NA	1.76464e-05	NA	NA	NA	NA	NA	NA	NA	4.32615e-05	4.32615e-05	NA	NA	0.000513743	0.000513743	NA	NA	0.000665319	0.000665319	1.23978e-05	1.23978e-05	NA	NA	NA	NA	NA	NA	NA	NA	NA	NA	NA	3.46574e-05	3.46574e-05	NA	NA	1.01369e-05	1.01369e-05	NA	NA	NA	NA	NA	NA
pfpos_5_S106	0.00910332	0.00910332	5.3573e-06	0.00161147	0.00161147	NA	0.000276413	0.000276413	1.93e-05	1.93e-05	5.3573e-06	5.67642e-05	5.67642e-05	NA	2.46606e-07	2.46606e-07	NA	NA	NA	0.00451607	0.00451607	NA	NA	NA	NA	0.00198289	0.00198289	7.23929e-06	7.23929e-06	NA	0.000303252	0.000303252	0.00126703	0.00126703	NA	NA	NA	NA	NA	NA	NA	NA	NA	NA	NA	NA	3.22761e-05	3.22761e-05	2.61355e-05	1.48912e-05	0.00129051	0.00129051	NA	NA	NA	NA	NA	NA	0.00014939	0.00014939	NA	NA	NA	0.00087239	NA	3.6809e-05	3.6809e-05	NA	NA	0.00087239	NA	NA	NA	8.10452e-05	8.10452e-05	NA	2.41173e-06	2.41173e-06	NA	NA	NA	NA	NA	NA	NA	NA	NA	0.000191524	0.000191524	2.45421e-06	NA	NA	NA	0.000964105	0.00121768	0.00121768	2.25925e-05	2.25925e-05	0.000469009	0.000469009	NA	NA	0.000137951	0.000137951	NA	NA	0.000142504	6.39514e-06	1.30938e-05	1.30938e-05	NA	1.87506e-05	1.87506e-05	NA	0.000671734	NA	NA	NA	NA	NA	0.000408682	0.000408682	9.44141e-05	9.44141e-05	NA	3.08379e-05	3.08379e-05	0.000590618	0.000590618	0.000164469	0.000164469	4.59888e-05	4.5543e-05	NA	0.000102083	0.000102083	0.000105793	0.000105793	2.61355e-05	0.000252084	0.000252084	NA	NA	0.000409106	0.000409106	0.000588414	0.000118216	0.000118216	0.000605138	0.000605138	NA	NA	NA	NA	0.00014554	0.00014554	NA	NA	0.000613502	0.000613502	NA	NA	0.00039116	0.00039116	NA	5.10219e-07	5.10219e-07	NA	NA	7.69192e-05	7.69192e-05	1.38055e-05	1.38055e-05	0.00011662	0.00011662	NA	NA	NA	0.00033421	0.00033421	NA	NA	NA	NA	NA	NA	0.000429101	0.000429101	NA	NA	0.000632629	0.000632629	9.74055e-08	9.74055e-08	0.000349516	0.000349516	NA	NA	0.000588414	4.0246e-05
CM_5_S75	0.0100869	0.0100869	NA	0.00646919	0.00646919	NA	5.58418e-05	5.58418e-05	NA	NA	NA	0.0011764	0.0011764	NA	NA	NA	6.03778e-08	NA	NA	0.000953196	0.000953196	NA	NA	NA	NA	0.00248828	0.00248828	NA	NA	NA	3.49423e-05	3.49423e-05	0.00125804	0.00125804	NA	NA	NA	NA	NA	0.000321606	0.000321606	0.000391214	0.000391214	6.03778e-07	NA	NA	0.000600537	0.000600537	0.000101539	NA	NA	NA	6.03778e-08	NA	NA	NA	NA	NA	1.15645e-05	1.15645e-05	NA	0.000361516	0.000361516	0.0010057	NA	7.55539e-05	7.55539e-05	9.36657e-05	9.36657e-05	0.0010057	NA	NA	NA	NA	NA	NA	NA	NA	NA	NA	NA	NA	0.00019019	0.00019019	NA	NA	NA	NA	NA	NA	NA	NA	NA	0.000549002	0.00109866	0.00109866	0.00132217	0.00132217	NA	NA	NA	NA	2.35473e-05	2.35473e-05	1.69813e-07	NA	1.3585e-05	1.13208e-07	0.000309061	0.000309061	NA	NA	NA	NA	0.000498285	NA	NA	NA	NA	NA	0.00109622	0.00109622	0.00086215	0.00086215	NA	NA	NA	0.000852374	0.000852374	7.69817e-06	7.69817e-06	0.000233249	0.000232607	6.03778e-07	2.717e-06	2.717e-06	5.434e-06	5.434e-06	0.000101539	0.000393727	0.000393727	1.69813e-07	NA	0.000996057	0.000996057	0.0011461	5.434e-06	5.434e-06	NA	NA	NA	NA	NA	NA	1.0868e-05	1.0868e-05	NA	NA	0.00115202	0.00115202	NA	NA	0.000613535	0.000613535	NA	NA	NA	NA	NA	2.717e-06	2.717e-06	NA	NA	1.0868e-05	1.0868e-05	NA	NA	NA	0.000748699	0.000748699	NA	NA	0.00138984	0.00138984	NA	NA	0.00125755	0.00125755	NA	NA	0.00115472	0.00115472	1.0868e-07	1.0868e-07	0.000722761	0.000722761	NA	NA	0.0011461	0.00101597
CM_7_S77	0.00108511	0.00108511	1.66154e-06	0.000378972	0.000378972	NA	0.00222291	0.00222291	0.000103349	0.000103349	1.66154e-06	NA	NA	NA	0.000134634	0.000134634	0.000404945	NA	NA	8.30771e-06	8.30771e-06	NA	NA	NA	NA	0.000115445	0.000115445	5.26704e-05	5.26704e-05	0.000275816	0.00108942	0.00108942	0.000296985	0.000296985	8.30771e-06	NA	NA	0.000280684	0.000280684	NA	NA	NA	NA	1.13671e-06	0.000893634	0.000893634	1.51616e-05	1.51616e-05	4.87179e-05	0.000370639	0.000997119	0.000997119	0.000202512	0.000273199	0.000273199	0.000202434	0.000294566	0.000294566	0.00118277	0.00118277	NA	NA	NA	0.000441007	4.61093e-05	NA	NA	NA	NA	0.000441007	NA	NA	NA	0.000546498	0.000546498	NA	3.54707e-05	3.54707e-05	0.000240313	0.000240313	0.000274655	0.000274655	NA	NA	0.000228551	2.10462e-05	2.39904e-05	0.000381524	0.000381524	6.48555e-05	0.000331168	0.000331168	NA	0.000876861	4.62462e-05	4.62462e-05	8.17176e-05	8.17176e-05	0.000110532	0.000110532	NA	NA	0.000831091	0.000831091	NA	NA	0.000608657	NA	NA	NA	NA	9.69124e-07	9.69124e-07	0.00023677	0.000820369	0.00122476	0.00122476	0.000197413	0.000197413	0.000246139	8.2282e-05	8.2282e-05	8.3354e-05	8.3354e-05	0.000246139	NA	NA	2.74069e-05	2.74069e-05	0.00089622	0.00089622	NA	NA	7.80661e-07	0.000974236	0.000974236	0.00041907	0.00041907	2.60862e-06	NA	NA	NA	0.000158121	5.17261e-05	5.17261e-05	4.98463e-05	0.000809148	0.000809148	0.000112265	0.000112265	3.56045e-07	NA	NA	NA	0.000798422	0.000798422	0.000235108	NA	2.96155e-05	2.96155e-05	0.000205648	0.000205648	7.1132e-05	7.1132e-05	0.000158121	NA	NA	NA	NA	0.000741647	0.000741647	NA	NA	0.000624351	0.000624351	2.83476e-05	2.83476e-05	NA	6.03001e-05	6.03001e-05	NA	NA	4.9055e-06	4.9055e-06	0.000114407	NA	2.68657e-05	2.68657e-05	NA	NA	1.99385e-05	1.99385e-05	NA	NA	3.43148e-05	3.43148e-05	0.000220438	NA	4.98463e-05	3.04636e-05
pfpos_9_S110	0.00740766	0.00740766	NA	0.00422071	0.00422071	NA	NA	NA	1.44285e-05	1.44285e-05	NA	0.000351227	0.000351227	NA	4.25925e-05	4.25925e-05	NA	NA	NA	0.00124007	0.00124007	NA	NA	6.49383e-05	6.49383e-05	0.0016459	0.0016459	2.34418e-05	2.34418e-05	NA	NA	NA	0.00204958	0.00204958	NA	NA	NA	NA	NA	NA	NA	1.13246e-05	1.13246e-05	NA	NA	NA	9.28496e-05	9.28496e-05	4.95323e-05	4.92498e-05	NA	NA	NA	NA	NA	NA	NA	NA	NA	NA	NA	NA	NA	0.00101182	NA	NA	NA	7.36099e-06	7.36099e-06	0.00101182	NA	NA	NA	0.000159374	0.000159374	NA	1.69187e-05	1.69187e-05	NA	NA	NA	NA	2.83115e-06	2.83115e-06	NA	6.17706e-06	7.39743e-06	NA	NA	1.1399e-05	NA	NA	NA	0.00138026	0.00067106	0.00067106	0.00123011	0.00123011	0.000185723	0.000185723	NA	NA	NA	NA	NA	NA	NA	0.000106256	7.1248e-05	7.1248e-05	NA	NA	NA	NA	0.0011259	0.000129302	0.000129302	NA	NA	NA	0.000852539	0.000852539	0.000421774	0.000421774	NA	7.31902e-06	7.31902e-06	0.000710792	0.000710792	NA	NA	4.68546e-05	4.68546e-05	NA	NA	NA	NA	NA	4.95323e-05	0.00040612	0.00040612	NA	NA	0.000813722	0.000813722	0.000890839	NA	NA	0.000389393	0.000389393	NA	NA	5.6623e-06	5.6623e-06	NA	NA	NA	NA	0.000646095	0.000646095	NA	NA	0.000992089	0.000992089	NA	NA	NA	NA	NA	NA	NA	3.70072e-06	3.70072e-06	NA	NA	NA	NA	NA	0.00113172	0.00113172	NA	NA	0.000475437	0.000475437	NA	NA	0.000683497	0.000683497	NA	NA	0.00026313	0.00026313	NA	NA	0.000637939	0.000637939	NA	NA	0.000602165	0.000529751
pfpos_1_S102	NA	NA	1.4714e-05	NA	NA	NA	0.000299477	0.000299477	NA	NA	1.4714e-05	0.00162316	0.00162316	NA	NA	NA	8.0846e-08	NA	NA	NA	NA	NA	NA	NA	NA	NA	NA	NA	NA	NA	0.000191308	0.000191308	0.00206215	0.00206215	NA	5.27845e-05	5.27845e-05	NA	NA	1.17043e-05	1.17043e-05	1.03505e-05	1.03505e-05	6.13082e-06	NA	NA	0.000320563	0.000320563	3.97988e-05	0.00031884	NA	NA	8.0846e-08	NA	NA	NA	NA	NA	8.10799e-05	8.10799e-05	NA	2.2071e-05	2.2071e-05	0.00202721	3.84447e-05	8.91645e-05	8.91645e-05	1.60628e-05	1.60628e-05	0.00202721	NA	NA	NA	NA	NA	NA	NA	NA	NA	NA	NA	NA	1.83925e-05	1.83925e-05	3.67849e-06	NA	5.14648e-07	6.62129e-05	6.62129e-05	NA	NA	NA	NA	0.00159641	NA	NA	NA	NA	NA	NA	NA	NA	0.000128747	0.000128747	1.22616e-06	NA	6.00821e-05	NA	0.000764523	0.000764523	NA	7.32293e-07	7.32293e-07	NA	0.00136416	0.00102747	0.00102747	NA	NA	NA	NA	NA	NA	NA	NA	5.78147e-06	5.78147e-06	NA	NA	8.46054e-05	8.46054e-05	0.000420008	0.000289473	6.13082e-06	3.74856e-05	3.74856e-05	5.88559e-05	5.88559e-05	1.35417e-06	0.000723977	0.000723977	1.22616e-06	NA	NA	NA	NA	3.31064e-05	3.31064e-05	NA	NA	NA	2.24819e-05	NA	NA	4.0548e-05	4.0548e-05	NA	NA	NA	NA	NA	NA	NA	NA	NA	1.02053e-06	1.02053e-06	NA	NA	4.07978e-05	4.07978e-05	3.31064e-05	3.31064e-05	4.29158e-05	4.29158e-05	0.000356154	0.000356154	NA	NA	NA	NA	NA	NA	NA	NA	NA	NA	NA	1.8084e-05	1.8084e-05	NA	NA	2.19368e-06	2.19368e-06	NA	NA	3.67849e-06	NA	NA	NA
SMA_4_S83	0.00581227	0.00581227	0.000352315	0.000937625	0.000937625	NA	0.000616006	0.000616006	5.00706e-05	5.00706e-05	0.000156119	0.00111016	0.00111016	0.000185233	0.000125853	0.000125853	NA	NA	NA	0.00040397	0.00040397	NA	NA	0.000564419	0.000426218	0.000520041	0.000520041	0.000245909	0.000245909	NA	0.00033178	0.00033178	0.000282934	0.000282934	NA	NA	NA	NA	NA	NA	NA	NA	1.11399e-05	0.000134854	NA	NA	NA	NA	8.21373e-05	0.000165207	0.0022332	0.0022332	NA	NA	NA	NA	NA	NA	0.000268662	0.000268662	NA	NA	NA	0.000928353	NA	NA	NA	NA	NA	0.000928353	NA	NA	NA	0.00134343	0.00134343	NA	5.07167e-05	5.07167e-05	NA	NA	NA	NA	NA	NA	NA	3.52348e-05	4.1108e-05	3.87583e-05	3.87583e-05	3.44996e-05	NA	NA	NA	0.000303254	9.69623e-05	9.69623e-05	5.35292e-05	5.35292e-05	0.000755784	0.000755784	NA	NA	0.000145505	0.000145505	5.53954e-06	NA	8.80871e-06	0.000132778	0.000380105	0.000380105	7.32894e-06	NA	NA	NA	0.000303254	0.00101182	0.00101182	NA	NA	NA	6.83556e-05	6.83556e-05	0.000145168	0.000145168	NA	0.00093907	0.00093907	0.00101386	0.00101386	0.000100766	0.000100766	0.00025703	0.000138017	6.67264e-05	0.000114161	0.000114161	0.000116867	0.000116867	8.21373e-05	0.000330847	0.000330847	5.53954e-06	NA	8.04529e-05	8.04529e-05	0.000183796	5.32927e-05	5.32927e-05	0.000690202	0.000690202	6.81271e-05	3.46874e-05	NA	NA	0.000140939	0.000140939	NA	3.41309e-05	0.00024297	0.00024297	NA	NA	3.32603e-05	3.32603e-05	NA	6.38378e-05	6.38378e-05	NA	NA	9.76143e-05	9.76143e-05	NA	NA	0.000130866	0.000130866	0.00168705	0.00168705	NA	7.24076e-05	7.24076e-05	NA	NA	0.000417343	0.000417343	NA	NA	0.000198381	0.000198381	0.000136341	0.000136341	0.000169478	0.000169478	9.35885e-07	9.35885e-07	0.00011337	0.00011337	NA	NA	0.000183796	8.80871e-05
SMA_13_S92	0.0106629	0.0106629	7.86713e-06	0.00825138	0.00825138	NA	0.000204455	0.000204455	1.0637e-05	1.0637e-05	5.24475e-06	0.000963419	0.000963419	NA	3.04196e-06	3.04196e-06	NA	NA	NA	0.00124168	0.00124168	NA	NA	NA	NA	0.0022535	0.0022535	1.37099e-05	1.37099e-05	NA	0.000106411	0.000106411	0.00135752	0.00135752	NA	NA	NA	NA	NA	5.24475e-06	5.24475e-06	2.62238e-06	2.62238e-06	1.68998e-06	NA	NA	7.96221e-05	7.96221e-05	7.16591e-06	1.577e-06	NA	NA	NA	NA	NA	NA	NA	NA	0.000109631	0.000109631	NA	5.24475e-06	5.24475e-06	0.000925722	NA	7.08666e-06	7.08666e-06	NA	NA	0.000925722	NA	NA	NA	NA	NA	NA	3.36342e-06	3.36342e-06	NA	NA	NA	NA	8.61638e-06	8.61638e-06	NA	2.62238e-06	2.62238e-06	2.5e-05	2.5e-05	NA	NA	NA	NA	0.000489424	6.55594e-06	6.55594e-06	5.24475e-06	5.24475e-06	NA	NA	NA	NA	7.08041e-05	7.08041e-05	NA	NA	5.55944e-05	2.0255e-05	0.000131033	0.000131033	2.62238e-06	4.47989e-05	4.47989e-05	NA	0.000258044	NA	NA	NA	NA	NA	0.000170559	0.000170559	0.000126412	0.000126412	NA	0.000234698	0.000234698	0.000774485	0.000774485	2.88461e-05	2.88461e-05	0.000112286	0.000112286	1.68998e-06	6.20629e-05	6.20629e-05	4.98251e-05	4.98251e-05	7.16591e-06	0.000274473	0.000274473	NA	NA	2.0979e-05	2.0979e-05	0.000682798	4.45804e-05	4.45804e-05	NA	NA	NA	NA	NA	NA	4.74412e-05	4.74412e-05	NA	NA	0.000781752	0.000781752	NA	NA	0.000450867	0.000450867	NA	1.2374e-06	1.2374e-06	NA	NA	3.31116e-05	3.31116e-05	1.04895e-05	1.04895e-05	5.10171e-05	5.10171e-05	NA	NA	NA	2.62238e-05	2.62238e-05	NA	NA	9.63664e-06	9.63664e-06	NA	NA	0.000239154	0.000239154	NA	NA	0.00056744	0.00056744	NA	NA	1.65459e-05	1.65459e-05	NA	NA	0.000330772	0.000387712
SMA_11_S90	0.000647073	0.000647073	8.10129e-06	0.000120013	0.000120013	NA	0.00101482	0.00101482	7.04351e-05	7.04351e-05	8.10129e-06	0.000434148	0.000434148	NA	7.08944e-05	7.08944e-05	NA	NA	NA	NA	NA	NA	NA	NA	NA	1.39522e-05	1.39522e-05	0.000186279	0.000186279	NA	0.000930893	0.000930893	0.00152277	0.00152277	NA	0.00018217	0.00018217	NA	NA	9.27148e-05	9.27148e-05	0.000105497	0.000105497	1.80029e-06	NA	NA	0.000328669	0.000328669	0.000116128	0.000476626	NA	NA	NA	NA	NA	NA	NA	NA	0.000490231	0.000490231	NA	4.23067e-05	4.23067e-05	0.000817519	NA	0.000145261	0.000145261	0.000120225	0.000120225	0.000817519	NA	NA	NA	0.00163112	0.00163112	NA	5.44375e-05	5.44375e-05	NA	NA	NA	NA	7.05112e-05	7.05112e-05	NA	5.27785e-05	6.30692e-05	0.000820751	0.000820751	0.000108571	NA	NA	NA	0.000678484	NA	NA	1.08017e-05	1.08017e-05	0.000340559	0.000340559	NA	NA	0.000269374	0.000269374	NA	NA	0.000369429	5.50599e-05	8.6996e-05	8.6996e-05	NA	0.000267195	0.000267195	NA	0.000480206	0.00121802	0.00121802	NA	NA	NA	1.08017e-05	1.08017e-05	NA	NA	NA	0.000808556	0.000808556	0.000370526	0.000370526	0.000293018	0.000293018	8.05675e-05	8.05675e-05	1.80029e-06	0.000378803	0.000378803	0.000360062	0.000360062	0.000116128	0.00025034	0.00025034	NA	NA	1.2602e-05	1.2602e-05	NA	0.000309528	0.000309528	0.000268519	0.000268519	NA	6.48076e-05	NA	NA	0.000218092	0.000218092	NA	NA	3.7371e-06	3.7371e-06	NA	NA	1.62026e-05	1.62026e-05	NA	1.74577e-06	1.74577e-06	NA	NA	0.000210493	0.000210493	NA	NA	0.000277824	0.000277824	1.17019e-05	1.17019e-05	NA	2.70043e-06	2.70043e-06	NA	NA	NA	NA	NA	NA	NA	NA	5.16742e-05	5.16742e-05	NA	NA	2.98229e-07	2.98229e-07	5.40086e-06	5.40086e-06	NA	NA	NA	8.10129e-06
RDS_7_S99	NA	NA	0.00188931	NA	NA	NA	0.0017554	0.0017554	0.00117128	0.00117128	0.00188931	NA	NA	NA	0.00120922	0.00120922	6.72756e-06	NA	NA	NA	NA	NA	NA	0.00169574	0.00122553	NA	NA	8.23312e-05	8.23312e-05	1.08878e-05	0.00177686	0.00177686	0.000662919	0.000662919	1.07323e-05	NA	NA	5.65838e-06	5.65838e-06	NA	NA	NA	NA	0.000682521	1.13176e-05	1.13176e-05	1.79733e-05	1.79733e-05	0.000185441	0.00089427	NA	NA	2.19643e-06	NA	NA	4.53113e-06	4.33123e-06	4.33123e-06	0.000835089	0.000835089	3.89339e-06	NA	NA	0.000351333	NA	NA	NA	NA	NA	0.000351333	2.59969e-06	2.59969e-06	NA	0.00170304	0.00170304	NA	0.000483664	0.000483664	2.38495e-06	2.38495e-06	NA	NA	NA	NA	NA	0.000233439	0.000256284	0.00144655	0.00144655	0.000126789	NA	NA	NA	0.000390535	NA	NA	NA	NA	0.00046474	0.00046474	2.77668e-06	2.77668e-06	0.000640007	0.000640007	0.000193754	NA	0.000432964	8.8827e-07	NA	NA	NA	1.72926e-06	1.72926e-06	NA	0.000304677	0.000341819	0.000341819	2.38495e-07	2.38495e-07	NA	NA	NA	NA	NA	NA	9.72518e-05	9.72518e-05	NA	NA	0.000638695	0.000638695	NA	NA	0.000682521	0.000612887	0.000612887	0.000785113	0.000785113	0.000185441	NA	NA	0.000193754	1.03745e-05	NA	NA	NA	0.00067636	0.00067636	0.000447622	0.000447622	NA	3.42146e-06	NA	NA	0.000515148	0.000515148	NA	NA	NA	NA	1.43097e-05	1.43097e-05	NA	NA	1.03745e-05	0.0003233	0.0003233	NA	NA	0.000352391	0.000352391	2.50419e-05	2.50419e-05	0.000520813	0.000520813	NA	NA	NA	NA	NA	NA	NA	NA	NA	NA	3.4475e-06	NA	NA	NA	NA	NA	NA	3.21315e-05	3.21315e-05	NA	NA	NA	NA	NA	NA
CM_4_S74	0.00500855	0.00500855	0.0022765	0.00131976	0.00131976	NA	0.000969158	0.000969158	8.85718e-06	8.85718e-06	0.0022765	NA	NA	NA	1.48036e-05	1.48036e-05	NA	NA	NA	0.00071131	0.00071131	NA	NA	1.17126e-05	1.17126e-05	0.000634669	0.000634669	8.33466e-06	8.33466e-06	NA	0.00090058	0.00090058	0.000812419	0.000812419	NA	NA	NA	NA	NA	NA	NA	NA	NA	0.000784579	NA	NA	0.00405402	0.00405402	4.78013e-07	2.9311e-07	NA	NA	NA	NA	NA	NA	NA	NA	0.000454647	0.000454647	NA	NA	NA	0.000568881	NA	9.56025e-07	9.56025e-07	NA	NA	0.000568881	NA	NA	NA	NA	NA	NA	8.43668e-06	8.43668e-06	NA	NA	NA	NA	NA	NA	NA	4.30211e-06	4.61893e-06	0.000395216	0.000395216	NA	NA	NA	NA	0.000571731	0.00126642	0.00126642	0.000884071	0.000884071	NA	NA	NA	NA	0.000422604	0.000422604	NA	NA	0.000448768	NA	NA	NA	NA	NA	NA	NA	0.000235308	5.59834e-06	5.59834e-06	NA	NA	NA	0.000729029	0.000729029	0.000908409	0.000908409	NA	9.70495e-05	9.70495e-05	0.000300397	0.000300397	0.000277061	0.000277061	NA	NA	0.000784579	0.000307007	0.000307007	0.000319362	0.000319362	4.78013e-07	NA	NA	NA	NA	0.00054554	0.00054554	0.000482606	0.000258667	0.000258667	NA	NA	NA	NA	NA	NA	0.000247079	0.000247079	NA	NA	0.000200887	0.000200887	NA	NA	0.00058646	0.00058646	NA	0.000334042	0.000334042	NA	NA	0.00020958	0.00020958	0.00197124	0.00197124	0.000326713	0.000326713	NA	NA	NA	0.000816098	0.000816098	NA	NA	0.000449382	0.000449382	NA	NA	0.000490349	0.000490349	NA	NA	0.000228629	0.000228629	NA	NA	0.000564873	0.000564873	NA	NA	0.000479738	0.000530848
SMA_3_S82	0.00855112	0.00855112	1.32732e-05	0.00111562	0.00111562	NA	4.95837e-05	4.95837e-05	6.94238e-06	6.94238e-06	1.32732e-05	0.000939441	0.000939441	NA	5.18229e-06	5.18229e-06	NA	NA	NA	0.00337864	0.00337864	NA	NA	0.000103528	8.06128e-05	0.0014752	0.0014752	2.38016e-05	2.38016e-05	NA	9.36897e-05	9.36897e-05	0.000867745	0.000867745	NA	9.48089e-07	9.48089e-07	NA	NA	NA	NA	NA	NA	1.89618e-07	NA	NA	0.000235064	0.000235064	7.04302e-06	5.53616e-06	NA	NA	NA	NA	NA	NA	NA	NA	3.60515e-05	3.60515e-05	NA	NA	NA	0.000525746	7.04302e-06	3.8977e-06	3.8977e-06	NA	NA	0.000525746	NA	NA	NA	NA	NA	NA	1.90341e-06	1.90341e-06	NA	NA	NA	NA	NA	NA	NA	1.22322e-05	1.78211e-05	2.72839e-05	2.72839e-05	NA	NA	NA	NA	0.000160757	0.00181754	0.00181754	0.0013517	0.0013517	NA	NA	NA	NA	2.32282e-05	2.32282e-05	5.27099e-06	NA	2.45555e-05	NA	0.000142728	0.000142728	NA	NA	NA	NA	0.000120358	1.63563e-05	1.63563e-05	NA	NA	NA	0.00177538	0.00177538	0.00147149	0.00147149	NA	3.98762e-05	3.98762e-05	0.00047467	0.00047467	2.98648e-05	2.98648e-05	0.000121202	0.000120344	1.89618e-07	4.55577e-05	4.55577e-05	1.32732e-05	1.32732e-05	NA	0.000181727	0.000181727	5.27099e-06	NA	0.00150852	0.00150852	0.000866571	1.34684e-05	1.34684e-05	NA	NA	NA	2.67451e-06	NA	NA	4.65689e-05	4.65689e-05	NA	NA	0.000597693	0.000597693	NA	NA	0.00148448	0.00148448	NA	NA	NA	NA	NA	7.96395e-06	7.96395e-06	NA	NA	2.68778e-05	2.68778e-05	NA	NA	NA	0.000837606	0.000837606	NA	NA	0.000900603	0.000900603	NA	NA	0.00110944	0.00110944	1.7017e-07	1.7017e-07	0.00097811	0.00097811	4.89367e-07	4.89367e-07	0.00149161	0.00149161	NA	NA	0.000866571	0.00143822
CM_3_S73	NA	NA	6.2632e-06	NA	NA	NA	0.00219073	0.00219073	4.7127e-06	4.7127e-06	NA	0.000139013	0.000139013	NA	8.07134e-07	8.07134e-07	NA	NA	NA	NA	NA	NA	NA	6.53363e-05	NA	NA	NA	2.59952e-05	2.59952e-05	NA	0.0013034	0.0013034	0.00156577	0.00156577	NA	NA	NA	NA	NA	NA	NA	NA	NA	NA	NA	NA	3.34037e-05	3.34037e-05	NA	0.000378561	NA	NA	NA	NA	NA	NA	0.000920077	0.000920077	0.00101485	0.00101485	NA	NA	NA	0.00091181	NA	NA	NA	NA	NA	0.00091181	NA	NA	NA	NA	NA	NA	1.57739e-06	1.57739e-06	0.00148829	0.00148829	NA	NA	NA	NA	0.00154282	4.87137e-06	4.97576e-06	7.09829e-05	7.09829e-05	NA	0.00184139	0.00184139	NA	7.75884e-05	NA	NA	NA	NA	NA	NA	NA	NA	0.000833698	0.000833698	NA	NA	0.000750274	6.17808e-05	0.00112741	0.00112741	6.2632e-06	0.00107047	0.00107047	0.00111163	7.75884e-05	NA	NA	NA	NA	0.00150133	NA	NA	NA	NA	0.00150125	0.000200722	0.000200722	NA	NA	0.00080777	0.00080777	0.00107827	0.00107684	NA	0.000482586	0.000482586	7.72461e-05	7.72461e-05	NA	0.000874301	0.000874301	NA	0.000901308	NA	NA	5.11161e-05	0.000610812	0.000610812	NA	NA	NA	NA	NA	NA	0.000612632	0.000612632	0.00111163	NA	NA	NA	0.00116283	0.00116283	NA	NA	0.000337489	NA	NA	NA	NA	0.000638726	0.000638726	NA	NA	0.00055728	0.00055728	0.000174625	0.000174625	NA	NA	NA	NA	NA	NA	NA	0.000805504	NA	NA	NA	NA	NA	NA	NA	NA	NA	NA	NA	0.00130478	NA	NA	NA
CM_2_S72	0.00238973	0.00238973	NA	0.000704355	0.000704355	NA	0.00151633	0.00151633	0.000277791	0.000277791	NA	NA	NA	NA	0.000177517	0.000177517	0.000139373	NA	NA	2.59088e-06	2.59088e-06	NA	NA	0.00612423	0.00612423	0.000278833	0.000278833	6.08933e-05	6.08933e-05	0.000120908	0.00117849	0.00117849	0.00071216	0.00071216	0.000120908	NA	NA	9.86716e-05	9.86716e-05	NA	NA	NA	NA	NA	0.000172824	0.000172824	0.000212031	0.000212031	1.11173e-05	0.000676605	0.00155819	0.00155819	6.77597e-05	NA	NA	7.16132e-05	0.000377901	0.000377901	0.000577608	0.000577608	8.84854e-05	NA	NA	0.000448029	NA	NA	NA	NA	NA	0.000448029	9.65818e-05	9.65818e-05	NA	0.00101603	0.00101603	0.000149243	7.32955e-05	7.32955e-05	0.000400568	0.000400568	7.26108e-06	7.26108e-06	NA	NA	0.000261762	2.79552e-05	3.47898e-05	0.000978416	0.000978416	0.000103317	0.000267113	0.000267113	NA	0.000430956	0.000355041	0.000355041	0.000347257	0.000347257	0.000460304	0.000460304	7.39491e-05	7.39491e-05	0.00037654	0.00037654	3.21323e-06	NA	7.77264e-06	NA	NA	NA	NA	1.54083e-06	1.54083e-06	0.000211614	0.00041282	0.000168559	0.000168559	6.85839e-06	6.85839e-06	0.000144019	0.000362203	0.000362203	0.000287288	0.000287288	NA	0.000139002	0.000139002	0.000102135	0.000102135	0.000306612	0.000306612	1.67876e-06	NA	NA	0.000389217	0.000389217	2.33179e-05	2.33179e-05	1.11173e-05	NA	NA	3.21323e-06	0.000145433	0.000304708	0.000304708	0.000224984	1.29544e-05	1.29544e-05	0.000395304	0.000395304	NA	0.000337748	NA	NA	0.000256543	0.000256543	NA	NA	6.95016e-05	6.95016e-05	0.000231429	0.000231429	9.56328e-05	9.56328e-05	0.000145433	NA	NA	0.000149243	NA	0.00038231	0.00038231	2.59088e-05	2.59088e-05	0.000365759	0.000365759	NA	NA	NA	0.000254477	0.000254477	3.21751e-05	3.21751e-05	0.000139117	0.000139117	0.000261762	3.66905e-05	0.000191775	0.000191775	0.000299986	0.000299986	0.000184299	0.000184299	NA	NA	0.000280719	0.000280719	0.000204752	NA	0.000224984	0.000238617
SMA_5_S84	0.00402821	0.00402821	9.53569e-05	0.00356949	0.00356949	NA	0.000275742	0.000275742	3.78585e-05	3.78585e-05	4.44273e-05	0.00215594	0.00215594	3.75842e-05	3.76611e-05	3.76611e-05	9.82594e-08	NA	NA	0.00147196	0.00147196	NA	NA	5.91986e-05	4.21792e-05	0.000908626	0.000908626	2.32556e-05	2.32556e-05	NA	0.000174733	0.000174733	0.00171838	0.00171838	NA	2.19113e-05	2.19113e-05	NA	NA	NA	NA	NA	NA	2.27686e-05	NA	NA	0.000442845	0.000442845	1.9091e-05	0.000355912	0.000860734	0.000860734	9.82594e-08	NA	NA	NA	NA	NA	0.000130075	0.000130075	NA	NA	NA	0.00107512	NA	0.000141717	0.000141717	NA	NA	0.00107512	NA	NA	NA	0.000650767	0.000650767	NA	1.53914e-05	1.53914e-05	NA	NA	NA	NA	NA	NA	NA	2.21084e-06	3.61228e-06	5.08492e-05	5.08492e-05	4.98769e-05	NA	NA	NA	0.00078496	0.000527658	0.000527658	0.000891586	0.000891586	0.000665636	0.000665636	NA	NA	0.000112027	0.000112027	1.38177e-07	NA	7.08484e-05	8.07019e-06	0.000780841	0.000780841	1.33454e-05	4.82364e-07	4.82364e-07	4.42167e-06	0.00078496	0.000608889	0.000608889	NA	NA	NA	0.000666979	0.000666979	0.000890122	0.000890122	NA	3.52499e-05	3.52499e-05	0.000202597	0.000202597	8.21359e-05	8.21359e-05	0.00041348	0.000273407	1.41048e-05	0.000101796	0.000101796	9.75308e-05	9.75308e-05	NA	0.00060218	0.00060218	1.38177e-07	NA	0.000538549	0.000538549	0.000412898	6.13838e-05	6.13838e-05	0.000537205	0.000537205	8.6638e-06	9.98674e-06	NA	NA	9.19076e-05	9.19076e-05	NA	9.94116e-06	0.000370404	0.000370404	NA	NA	0.000541174	0.000541174	NA	1.06597e-05	1.06597e-05	NA	NA	7.06816e-05	7.06816e-05	NA	NA	0.000114367	0.000114367	0.000718996	0.000718996	NA	0.000762768	0.000762768	NA	NA	0.000507427	0.000507427	NA	4.48648e-08	0.000432262	0.000432262	1.20526e-05	1.20526e-05	0.000313168	0.000313168	2.52842e-06	2.52842e-06	0.000511857	0.000511857	NA	NA	0.000412898	0.000569428
pfpos_4_S105	0.010146	0.010146	NA	0.0062185	0.0062185	NA	1.80101e-05	1.80101e-05	NA	NA	NA	0.000245647	0.000245647	NA	NA	NA	NA	NA	NA	0.000851908	0.000851908	NA	NA	3.6753e-06	3.6753e-06	0.00227107	0.00227107	NA	NA	NA	2.31123e-05	2.31123e-05	0.00323198	0.00323198	NA	NA	NA	NA	NA	5.29569e-06	5.29569e-06	5.29569e-06	5.29569e-06	NA	NA	NA	7.71688e-05	7.71688e-05	7.51306e-06	2.74569e-06	NA	NA	NA	NA	NA	NA	NA	NA	7.5628e-06	7.5628e-06	NA	5.29569e-06	5.29569e-06	0.00132834	NA	1.1495e-05	1.1495e-05	4.50133e-06	4.50133e-06	0.00132834	NA	NA	NA	NA	NA	NA	NA	NA	NA	NA	NA	NA	7.94353e-06	7.94353e-06	NA	NA	1.97987e-07	NA	NA	NA	NA	NA	NA	0.000852728	0.000202277	0.000202277	0.000476856	0.000476856	NA	NA	NA	NA	2.64784e-05	2.64784e-05	NA	NA	1.05914e-05	1.04695e-06	3.15367e-05	3.15367e-05	NA	NA	NA	NA	0.000794544	1.88656e-05	1.88656e-05	NA	NA	NA	0.000335955	0.000335955	0.000419533	0.000419533	NA	4.20722e-05	4.20722e-05	0.00105834	0.00105834	5.29569e-06	5.29569e-06	6.22086e-05	6.20615e-05	NA	1.3936e-07	1.3936e-07	5.29569e-06	5.29569e-06	7.51306e-06	0.000248209	0.000248209	NA	NA	0.000442595	0.000442595	0.000898767	7.94353e-06	7.94353e-06	NA	NA	NA	NA	NA	NA	1.05914e-05	1.05914e-05	NA	NA	0.000612753	0.000612753	NA	NA	0.000250626	0.000250626	NA	NA	NA	NA	NA	NA	NA	5.29569e-06	5.29569e-06	2.64784e-06	2.64784e-06	NA	NA	NA	0.000435854	0.000435854	NA	NA	0.00051799	0.00051799	NA	NA	0.000558117	0.000558117	NA	NA	0.000284743	0.000284743	NA	NA	0.000319749	0.000319749	NA	NA	0.000620021	0.000321099
SMA_8_S87	NA	NA	NA	NA	NA	0.00921097	2.88012e-05	2.88012e-05	0.00752973	0.00752973	NA	NA	NA	NA	0.00695953	0.00695953	0.00402592	0.00463903	0.00457194	NA	NA	NA	NA	NA	NA	NA	NA	0.00591268	0.00591268	0.00193295	3.163e-05	3.163e-05	NA	NA	0.00193295	NA	NA	0.0027118	0.0027118	NA	NA	NA	NA	NA	0.00243927	0.00243927	NA	NA	NA	0.00361465	NA	NA	0.00201301	NA	NA	0.00201291	0.00265181	0.00265181	1.54933e-05	1.54933e-05	0.00275031	NA	NA	NA	NA	NA	NA	NA	NA	NA	0.00286989	0.00286989	0.00230681	0.00104434	0.00104434	0.0015426	0.00299	0.00299	0.00110479	0.00110479	0.00235156	0.00235156	NA	NA	0.00105602	0.00288424	0.00288424	NA	NA	0.00289293	0.000960129	0.000960129	0.00192358	6.98038e-06	NA	NA	NA	NA	0.000245154	0.000245154	0.0022179	0.0022179	2.09411e-05	2.09411e-05	NA	0.0018684	5.5843e-06	0.00255721	NA	NA	NA	NA	NA	0.000889523	6.98038e-06	NA	NA	0.000191256	0.000191256	0.000522277	NA	NA	NA	NA	NA	0.0018898	0.0018898	NA	NA	1.62876e-05	1.62876e-05	2.0103e-06	NA	NA	2.32679e-06	2.32679e-06	6.98038e-06	6.98038e-06	NA	NA	NA	NA	6.3599e-06	NA	NA	NA	1.1634e-05	1.1634e-05	0.000215759	0.000215759	NA	NA	NA	NA	2.39951e-06	2.39951e-06	NA	NA	NA	NA	0.000645426	0.000645426	NA	NA	6.3599e-06	NA	NA	0.0015426	0.00134911	NA	NA	NA	NA	4.65359e-06	4.65359e-06	NA	NA	0.00140005	NA	NA	0.000853752	0.000853752	NA	NA	0.00105602	0.00113912	NA	NA	NA	NA	NA	NA	NA	NA	NA	NA	0.000516136	0.00127389	NA	NA
CM_1_S71	NA	NA	NA	NA	NA	NA	0.000777778	0.000777778	NA	NA	NA	0.0032705	0.0032705	NA	NA	NA	0.00513427	NA	NA	NA	NA	0.00537066	0.00537066	0.000115534	NA	NA	NA	NA	NA	0.00400406	0.00080878	0.00080878	0.00126476	0.00126476	0.00365864	NA	NA	0.0034433	0.0034433	3.52498e-06	3.52498e-06	1.76249e-06	2.70253e-05	NA	0.00204688	0.00204688	0.00114741	0.00114741	0.00137082	1.68419e-07	NA	NA	0.00257913	0.00343934	0.00343934	0.00255514	0.00138765	0.00138765	0.000422789	0.000422789	NA	NA	NA	0.00172122	0.0012782	NA	NA	1.17499e-06	1.17499e-06	0.00172122	NA	NA	NA	3.52498e-06	3.52498e-06	0.00158015	NA	NA	0.00141945	0.00141945	NA	NA	NA	NA	0.00114818	NA	NA	0.000548147	0.000548147	1.68419e-07	0.00109501	0.00109501	NA	1.07342e-05	NA	NA	NA	NA	1.06179e-05	1.06179e-05	NA	NA	0.000267096	0.000267096	3.16236e-06	NA	NA	NA	0.0014755	0.0014755	NA	1.29678e-06	1.29678e-06	0.00127792	8.97166e-06	NA	NA	0.00221537	0.00221537	0.0011749	NA	NA	NA	NA	0.00117486	5.67276e-06	5.67276e-06	NA	NA	0.000287708	0.000287708	0.00151049	0.00150787	NA	0.0002307	0.0002307	0.00033427	0.00033427	9.26212e-05	0.00168345	0.00168345	3.16236e-06	0.00201735	NA	NA	NA	0.000117597	0.000117597	1.37069e-05	1.37069e-05	NA	NA	NA	NA	0.000285492	0.000285492	0.00101194	NA	NA	NA	0.00102614	0.00102614	NA	NA	0.00201735	NA	NA	0.000781741	NA	0.000273172	0.000273172	0.00058569	0.00058569	0.000193446	0.000193446	NA	NA	NA	NA	NA	0.00108041	0.00108041	NA	NA	0.000531556	NA	NA	NA	NA	NA	NA	NA	9.86951e-07	9.86951e-07	NA	NA	0.000780779	NA	NA	NA
